country_iso_a3,year,month,n_users
AFG,2022,1,53
AFG,2022,2,30
AFG,2022,3,59
AFG,2022,4,46
AFG,2022,5,53
AFG,2022,6,223
AFG,2022,7,174
AFG,2022,8,155
AFG,2022,9,133
AFG,2022,10,101
AFG,2022,11,51
AFG,2022,12,40
AFG,2023,1,51
AFG,2023,2,32
AFG,2023,3,35
AFG,2023,4,45
AFG,2023,5,45
AFG,2023,6,42
AFG,2023,7,28
AFG,2023,8,29
AGO,2022,1,56
AGO,2022,2,37
AGO,2022,3,60
AGO,2022,4,47
AGO,2022,5,41
AGO,2022,6,57
AGO,2022,7,52
AGO,2022,8,58
AGO,2022,9,47
AGO,2022,10,47
AGO,2022,11,48
AGO,2022,12,144
AGO,2023,1,155
AGO,2023,2,149
AGO,2023,3,79
AGO,2023,4,50
AGO,2023,5,140
AGO,2023,6,76
AGO,2023,7,64
AGO,2023,8,37
AIA,2022,1,2
AIA,2022,2,5
AIA,2022,3,6
AIA,2022,4,4
AIA,2022,5,5
AIA,2022,6,5
AIA,2022,7,5
AIA,2022,8,1
AIA,2022,9,2
AIA,2022,10,2
AIA,2022,11,1
AIA,2022,12,2
AIA,2023,1,2
AIA,2023,3,7
AIA,2023,4,2
AIA,2023,5,3
AIA,2023,6,4
AIA,2023,7,1
AIA,2023,8,1
ALB,2022,1,50
ALB,2022,2,35
ALB,2022,3,42
ALB,2022,4,59
ALB,2022,5,53
ALB,2022,6,76
ALB,2022,7,76
ALB,2022,8,81
ALB,2022,9,76
ALB,2022,10,71
ALB,2022,11,77
ALB,2022,12,58
ALB,2023,1,59
ALB,2023,2,75
ALB,2023,3,61
ALB,2023,4,66
ALB,2023,5,76
ALB,2023,6,91
ALB,2023,7,100
ALB,2023,8,72
AND,2022,1,10
AND,2022,2,11
AND,2022,3,12
AND,2022,4,14
AND,2022,5,20
AND,2022,6,28
AND,2022,7,20
AND,2022,8,25
AND,2022,9,16
AND,2022,10,21
AND,2022,11,15
AND,2022,12,10
AND,2023,1,14
AND,2023,2,15
AND,2023,3,24
AND,2023,4,18
AND,2023,5,19
AND,2023,6,13
AND,2023,7,22
AND,2023,8,15
ARE,2022,1,98
ARE,2022,2,105
ARE,2022,3,113
ARE,2022,4,85
ARE,2022,5,104
ARE,2022,6,129
ARE,2022,7,142
ARE,2022,8,221
ARE,2022,9,159
ARE,2022,10,174
ARE,2022,11,185
ARE,2022,12,162
ARE,2023,1,192
ARE,2023,2,137
ARE,2023,3,138
ARE,2023,4,141
ARE,2023,5,102
ARE,2023,6,114
ARE,2023,7,105
ARE,2023,8,80
ARG,2022,1,304
ARG,2022,2,296
ARG,2022,3,331
ARG,2022,4,349
ARG,2022,5,360
ARG,2022,6,318
ARG,2022,7,332
ARG,2022,8,316
ARG,2022,9,302
ARG,2022,10,354
ARG,2022,11,321
ARG,2022,12,366
ARG,2023,1,403
ARG,2023,2,394
ARG,2023,3,422
ARG,2023,4,358
ARG,2023,5,364
ARG,2023,6,372
ARG,2023,7,380
ARG,2023,8,224
ARM,2022,1,47
ARM,2022,2,43
ARM,2022,3,56
ARM,2022,4,77
ARM,2022,5,96
ARM,2022,6,91
ARM,2022,7,101
ARM,2022,8,80
ARM,2022,9,69
ARM,2022,10,88
ARM,2022,11,65
ARM,2022,12,71
ARM,2023,1,88
ARM,2023,2,64
ARM,2023,3,72
ARM,2023,4,86
ARM,2023,5,81
ARM,2023,6,73
ARM,2023,7,118
ARM,2023,8,75
ATG,2022,1,6
ATG,2022,2,14
ATG,2022,3,6
ATG,2022,4,5
ATG,2022,5,5
ATG,2022,6,3
ATG,2022,7,3
ATG,2022,8,2
ATG,2022,9,4
ATG,2022,10,5
ATG,2022,11,6
ATG,2022,12,5
ATG,2023,1,7
ATG,2023,2,5
ATG,2023,3,8
ATG,2023,4,3
ATG,2023,5,5
ATG,2023,6,8
ATG,2023,7,6
ATG,2023,8,7
AUS,2022,1,721
AUS,2022,2,641
AUS,2022,3,660
AUS,2022,4,612
AUS,2022,5,720
AUS,2022,6,679
AUS,2022,7,680
AUS,2022,8,789
AUS,2022,9,709
AUS,2022,10,796
AUS,2022,11,765
AUS,2022,12,757
AUS,2023,1,886
AUS,2023,2,700
AUS,2023,3,708
AUS,2023,4,730
AUS,2023,5,707
AUS,2023,6,689
AUS,2023,7,789
AUS,2023,8,590
AUT,2022,1,918
AUT,2022,2,854
AUT,2022,3,914
AUT,2022,4,856
AUT,2022,5,962
AUT,2022,6,1057
AUT,2022,7,1142
AUT,2022,8,1301
AUT,2022,9,1088
AUT,2022,10,1108
AUT,2022,11,961
AUT,2022,12,848
AUT,2023,1,999
AUT,2023,2,896
AUT,2023,3,958
AUT,2023,4,999
AUT,2023,5,1040
AUT,2023,6,1092
AUT,2023,7,1245
AUT,2023,8,994
AZE,2022,1,56
AZE,2022,2,65
AZE,2022,3,72
AZE,2022,4,83
AZE,2022,5,81
AZE,2022,6,85
AZE,2022,7,73
AZE,2022,8,89
AZE,2022,9,91
AZE,2022,10,69
AZE,2022,11,65
AZE,2022,12,77
AZE,2023,1,95
AZE,2023,2,101
AZE,2023,3,74
AZE,2023,4,67
AZE,2023,5,80
AZE,2023,6,79
AZE,2023,7,84
AZE,2023,8,52
BDI,2022,1,39
BDI,2022,2,61
BDI,2022,3,69
BDI,2022,4,64
BDI,2022,5,76
BDI,2022,6,90
BDI,2022,7,59
BDI,2022,8,31
BDI,2022,9,21
BDI,2022,10,27
BDI,2022,11,20
BDI,2022,12,20
BDI,2023,1,22
BDI,2023,2,20
BDI,2023,3,23
BDI,2023,4,20
BDI,2023,5,22
BDI,2023,6,17
BDI,2023,7,11
BDI,2023,8,6
BEL,2022,1,745
BEL,2022,2,623
BEL,2022,3,800
BEL,2022,4,768
BEL,2022,5,783
BEL,2022,6,741
BEL,2022,7,742
BEL,2022,8,841
BEL,2022,9,691
BEL,2022,10,775
BEL,2022,11,760
BEL,2022,12,695
BEL,2023,1,745
BEL,2023,2,781
BEL,2023,3,794
BEL,2023,4,856
BEL,2023,5,812
BEL,2023,6,796
BEL,2023,7,833
BEL,2023,8,626
BEN,2022,1,62
BEN,2022,2,42
BEN,2022,3,66
BEN,2022,4,44
BEN,2022,5,41
BEN,2022,6,45
BEN,2022,7,28
BEN,2022,8,18
BEN,2022,9,37
BEN,2022,10,34
BEN,2022,11,35
BEN,2022,12,31
BEN,2023,1,44
BEN,2023,2,38
BEN,2023,3,43
BEN,2023,4,96
BEN,2023,5,39
BEN,2023,6,113
BEN,2023,7,53
BEN,2023,8,28
BFA,2022,1,91
BFA,2022,2,52
BFA,2022,3,55
BFA,2022,4,36
BFA,2022,5,68
BFA,2022,6,127
BFA,2022,7,56
BFA,2022,8,57
BFA,2022,9,47
BFA,2022,10,69
BFA,2022,11,39
BFA,2022,12,32
BFA,2023,1,48
BFA,2023,2,42
BFA,2023,3,36
BFA,2023,4,52
BFA,2023,5,59
BFA,2023,6,54
BFA,2023,7,60
BFA,2023,8,46
BGD,2022,1,191
BGD,2022,2,230
BGD,2022,3,239
BGD,2022,4,314
BGD,2022,5,279
BGD,2022,6,1024
BGD,2022,7,1542
BGD,2022,8,1025
BGD,2022,9,832
BGD,2022,10,525
BGD,2022,11,244
BGD,2022,12,188
BGD,2023,1,267
BGD,2023,2,215
BGD,2023,3,234
BGD,2023,4,185
BGD,2023,5,195
BGD,2023,6,183
BGD,2023,7,203
BGD,2023,8,96
BGR,2022,1,144
BGR,2022,2,125
BGR,2022,3,144
BGR,2022,4,149
BGR,2022,5,158
BGR,2022,6,162
BGR,2022,7,168
BGR,2022,8,187
BGR,2022,9,160
BGR,2022,10,164
BGR,2022,11,151
BGR,2022,12,150
BGR,2023,1,151
BGR,2023,2,145
BGR,2023,3,174
BGR,2023,4,170
BGR,2023,5,178
BGR,2023,6,183
BGR,2023,7,211
BGR,2023,8,161
BHR,2022,1,17
BHR,2022,2,14
BHR,2022,3,45
BHR,2022,4,42
BHR,2022,5,22
BHR,2022,6,26
BHR,2022,7,27
BHR,2022,8,17
BHR,2022,9,17
BHR,2022,10,13
BHR,2022,11,16
BHR,2022,12,28
BHR,2023,1,29
BHR,2023,2,19
BHR,2023,3,17
BHR,2023,4,23
BHR,2023,5,24
BHR,2023,6,35
BHR,2023,7,29
BHR,2023,8,28
BHS,2022,1,17
BHS,2022,2,30
BHS,2022,3,21
BHS,2022,4,20
BHS,2022,5,21
BHS,2022,6,9
BHS,2022,7,14
BHS,2022,8,19
BHS,2022,9,23
BHS,2022,10,10
BHS,2022,11,19
BHS,2022,12,19
BHS,2023,1,32
BHS,2023,2,18
BHS,2023,3,31
BHS,2023,4,18
BHS,2023,5,14
BHS,2023,6,22
BHS,2023,7,11
BHS,2023,8,8
BIH,2022,1,107
BIH,2022,2,77
BIH,2022,3,85
BIH,2022,4,78
BIH,2022,5,89
BIH,2022,6,97
BIH,2022,7,103
BIH,2022,8,129
BIH,2022,9,101
BIH,2022,10,88
BIH,2022,11,99
BIH,2022,12,82
BIH,2023,1,85
BIH,2023,2,91
BIH,2023,3,112
BIH,2023,4,98
BIH,2023,5,105
BIH,2023,6,100
BIH,2023,7,120
BIH,2023,8,84
BLR,2022,1,318
BLR,2022,2,232
BLR,2022,3,240
BLR,2022,4,243
BLR,2022,5,271
BLR,2022,6,266
BLR,2022,7,305
BLR,2022,8,276
BLR,2022,9,262
BLR,2022,10,261
BLR,2022,11,241
BLR,2022,12,213
BLR,2023,1,261
BLR,2023,2,242
BLR,2023,3,258
BLR,2023,4,284
BLR,2023,5,254
BLR,2023,6,267
BLR,2023,7,310
BLR,2023,8,207
BLZ,2022,1,17
BLZ,2022,2,26
BLZ,2022,3,61
BLZ,2022,4,18
BLZ,2022,5,27
BLZ,2022,6,18
BLZ,2022,7,22
BLZ,2022,8,18
BLZ,2022,9,17
BLZ,2022,10,18
BLZ,2022,11,31
BLZ,2022,12,25
BLZ,2023,1,29
BLZ,2023,2,26
BLZ,2023,3,26
BLZ,2023,4,26
BLZ,2023,5,10
BLZ,2023,6,20
BLZ,2023,7,20
BLZ,2023,8,14
BMU,2022,1,8
BMU,2022,2,5
BMU,2022,3,5
BMU,2022,4,1
BMU,2022,5,7
BMU,2022,6,2
BMU,2022,7,2
BMU,2022,8,1
BMU,2022,9,7
BMU,2022,10,4
BMU,2022,11,2
BMU,2022,12,3
BMU,2023,1,6
BMU,2023,2,9
BMU,2023,3,5
BMU,2023,4,3
BMU,2023,5,4
BMU,2023,6,7
BMU,2023,7,11
BMU,2023,8,2
BOL,2022,1,94
BOL,2022,2,88
BOL,2022,3,80
BOL,2022,4,79
BOL,2022,5,79
BOL,2022,6,61
BOL,2022,7,108
BOL,2022,8,126
BOL,2022,9,100
BOL,2022,10,91
BOL,2022,11,88
BOL,2022,12,89
BOL,2023,1,81
BOL,2023,2,127
BOL,2023,3,131
BOL,2023,4,120
BOL,2023,5,122
BOL,2023,6,97
BOL,2023,7,134
BOL,2023,8,116
BRA,2022,1,991
BRA,2022,2,941
BRA,2022,3,1321
BRA,2022,4,1201
BRA,2022,5,1457
BRA,2022,6,1346
BRA,2022,7,1210
BRA,2022,8,1115
BRA,2022,9,1271
BRA,2022,10,1150
BRA,2022,11,1288
BRA,2022,12,1188
BRA,2023,1,1258
BRA,2023,2,1198
BRA,2023,3,1247
BRA,2023,4,1028
BRA,2023,5,1194
BRA,2023,6,1103
BRA,2023,7,1073
BRA,2023,8,860
BRB,2022,1,13
BRB,2022,2,26
BRB,2022,3,15
BRB,2022,4,20
BRB,2022,5,8
BRB,2022,6,16
BRB,2022,7,8
BRB,2022,8,8
BRB,2022,9,6
BRB,2022,10,8
BRB,2022,11,9
BRB,2022,12,9
BRB,2023,1,12
BRB,2023,2,9
BRB,2023,3,13
BRB,2023,4,9
BRB,2023,5,8
BRB,2023,6,13
BRB,2023,7,17
BRB,2023,8,6
BRN,2022,1,15
BRN,2022,2,16
BRN,2022,3,15
BRN,2022,4,13
BRN,2022,5,9
BRN,2022,6,9
BRN,2022,7,2
BRN,2022,8,10
BRN,2022,9,5
BRN,2022,10,11
BRN,2022,11,14
BRN,2022,12,12
BRN,2023,1,12
BRN,2023,2,12
BRN,2023,3,13
BRN,2023,4,11
BRN,2023,5,13
BRN,2023,6,10
BRN,2023,7,6
BRN,2023,8,8
BTN,2022,1,26
BTN,2022,2,29
BTN,2022,3,21
BTN,2022,4,29
BTN,2022,5,54
BTN,2022,6,27
BTN,2022,7,34
BTN,2022,8,25
BTN,2022,9,16
BTN,2022,10,22
BTN,2022,11,46
BTN,2022,12,78
BTN,2023,1,25
BTN,2023,2,16
BTN,2023,3,61
BTN,2023,4,30
BTN,2023,5,29
BTN,2023,6,17
BTN,2023,7,23
BTN,2023,8,19
BWA,2022,1,71
BWA,2022,2,49
BWA,2022,3,53
BWA,2022,4,46
BWA,2022,5,57
BWA,2022,6,34
BWA,2022,7,39
BWA,2022,8,36
BWA,2022,9,34
BWA,2022,10,38
BWA,2022,11,42
BWA,2022,12,66
BWA,2023,1,32
BWA,2023,2,43
BWA,2023,3,28
BWA,2023,4,27
BWA,2023,5,31
BWA,2023,6,74
BWA,2023,7,37
BWA,2023,8,15
CAF,2022,1,60
CAF,2022,2,45
CAF,2022,3,52
CAF,2022,4,37
CAF,2022,5,39
CAF,2022,6,32
CAF,2022,7,41
CAF,2022,8,50
CAF,2022,9,33
CAF,2022,10,21
CAF,2022,11,20
CAF,2022,12,33
CAF,2023,1,19
CAF,2023,2,22
CAF,2023,3,23
CAF,2023,4,25
CAF,2023,5,17
CAF,2023,6,34
CAF,2023,7,11
CAF,2023,8,12
CAN,2022,1,758
CAN,2022,2,726
CAN,2022,3,795
CAN,2022,4,851
CAN,2022,5,1004
CAN,2022,6,966
CAN,2022,7,984
CAN,2022,8,1053
CAN,2022,9,956
CAN,2022,10,1088
CAN,2022,11,996
CAN,2022,12,853
CAN,2023,1,878
CAN,2023,2,880
CAN,2023,3,896
CAN,2023,4,952
CAN,2023,5,975
CAN,2023,6,973
CAN,2023,7,1111
CAN,2023,8,826
CHE,2022,1,839
CHE,2022,2,758
CHE,2022,3,847
CHE,2022,4,856
CHE,2022,5,890
CHE,2022,6,890
CHE,2022,7,964
CHE,2022,8,1043
CHE,2022,9,898
CHE,2022,10,995
CHE,2022,11,829
CHE,2022,12,796
CHE,2023,1,935
CHE,2023,2,819
CHE,2023,3,910
CHE,2023,4,883
CHE,2023,5,935
CHE,2023,6,932
CHE,2023,7,1034
CHE,2023,8,796
CHL,2022,1,240
CHL,2022,2,199
CHL,2022,3,203
CHL,2022,4,167
CHL,2022,5,190
CHL,2022,6,179
CHL,2022,7,167
CHL,2022,8,161
CHL,2022,9,170
CHL,2022,10,218
CHL,2022,11,208
CHL,2022,12,223
CHL,2023,1,229
CHL,2023,2,228
CHL,2023,3,203
CHL,2023,4,188
CHL,2023,5,222
CHL,2023,6,205
CHL,2023,7,207
CHL,2023,8,154
CHN,2022,1,683
CHN,2022,2,638
CHN,2022,3,701
CHN,2022,4,794
CHN,2022,5,681
CHN,2022,6,619
CHN,2022,7,633
CHN,2022,8,684
CHN,2022,9,681
CHN,2022,10,621
CHN,2022,11,526
CHN,2022,12,567
CHN,2023,1,521
CHN,2023,2,579
CHN,2023,3,626
CHN,2023,4,578
CHN,2023,5,552
CHN,2023,6,558
CHN,2023,7,647
CHN,2023,8,471
CIV,2022,1,55
CIV,2022,2,46
CIV,2022,3,40
CIV,2022,4,40
CIV,2022,5,94
CIV,2022,6,64
CIV,2022,7,48
CIV,2022,8,50
CIV,2022,9,57
CIV,2022,10,68
CIV,2022,11,96
CIV,2022,12,66
CIV,2023,1,72
CIV,2023,2,78
CIV,2023,3,92
CIV,2023,4,72
CIV,2023,5,75
CIV,2023,6,110
CIV,2023,7,68
CIV,2023,8,89
CMR,2022,1,157
CMR,2022,2,60
CMR,2022,3,66
CMR,2022,4,56
CMR,2022,5,109
CMR,2022,6,70
CMR,2022,7,53
CMR,2022,8,75
CMR,2022,9,63
CMR,2022,10,72
CMR,2022,11,195
CMR,2022,12,70
CMR,2023,1,82
CMR,2023,2,50
CMR,2023,3,114
CMR,2023,4,66
CMR,2023,5,76
CMR,2023,6,96
CMR,2023,7,61
CMR,2023,8,35
COD,2022,1,252
COD,2022,2,324
COD,2022,3,382
COD,2022,4,131
COD,2022,5,180
COD,2022,6,229
COD,2022,7,229
COD,2022,8,198
COD,2022,9,277
COD,2022,10,152
COD,2022,11,626
COD,2022,12,237
COD,2023,1,263
COD,2023,2,225
COD,2023,3,609
COD,2023,4,311
COD,2023,5,192
COD,2023,6,381
COD,2023,7,185
COD,2023,8,130
COG,2022,1,29
COG,2022,2,20
COG,2022,3,23
COG,2022,4,38
COG,2022,5,21
COG,2022,6,23
COG,2022,7,14
COG,2022,8,25
COG,2022,9,22
COG,2022,10,39
COG,2022,11,44
COG,2022,12,37
COG,2023,1,46
COG,2023,2,38
COG,2023,3,25
COG,2023,4,36
COG,2023,5,42
COG,2023,6,134
COG,2023,7,29
COG,2023,8,14
COK,2022,1,2
COK,2022,2,4
COK,2022,3,1
COK,2022,4,5
COK,2022,5,2
COK,2022,6,2
COK,2022,7,2
COK,2022,8,3
COK,2022,9,2
COK,2022,11,3
COK,2022,12,1
COK,2023,1,7
COK,2023,2,3
COK,2023,3,1
COK,2023,4,2
COK,2023,5,2
COK,2023,6,3
COK,2023,7,3
COK,2023,8,2
COL,2022,1,437
COL,2022,2,432
COL,2022,3,482
COL,2022,4,365
COL,2022,5,454
COL,2022,6,339
COL,2022,7,312
COL,2022,8,346
COL,2022,9,315
COL,2022,10,376
COL,2022,11,328
COL,2022,12,341
COL,2023,1,288
COL,2023,2,327
COL,2023,3,289
COL,2023,4,355
COL,2023,5,359
COL,2023,6,256
COL,2023,7,315
COL,2023,8,235
COM,2022,1,12
COM,2022,2,7
COM,2022,3,5
COM,2022,4,21
COM,2022,5,22
COM,2022,6,3
COM,2022,7,3
COM,2022,8,2
COM,2022,9,3
COM,2022,10,1
COM,2022,11,1
COM,2022,12,90
COM,2023,1,13
COM,2023,2,5
COM,2023,3,6
COM,2023,4,7
COM,2023,5,6
COM,2023,6,7
COM,2023,7,6
COM,2023,8,4
CPV,2022,1,25
CPV,2022,2,28
CPV,2022,3,23
CPV,2022,4,21
CPV,2022,5,13
CPV,2022,6,22
CPV,2022,7,12
CPV,2022,8,15
CPV,2022,9,17
CPV,2022,10,19
CPV,2022,11,16
CPV,2022,12,13
CPV,2023,1,19
CPV,2023,2,11
CPV,2023,3,27
CPV,2023,4,13
CPV,2023,5,16
CPV,2023,6,14
CPV,2023,7,7
CPV,2023,8,7
CRI,2022,1,84
CRI,2022,2,78
CRI,2022,3,78
CRI,2022,4,73
CRI,2022,5,61
CRI,2022,6,65
CRI,2022,7,72
CRI,2022,8,86
CRI,2022,9,75
CRI,2022,10,72
CRI,2022,11,65
CRI,2022,12,77
CRI,2023,1,95
CRI,2023,2,64
CRI,2023,3,115
CRI,2023,4,127
CRI,2023,5,59
CRI,2023,6,98
CRI,2023,7,134
CRI,2023,8,68
CUB,2022,1,143
CUB,2022,2,228
CUB,2022,3,179
CUB,2022,4,177
CUB,2022,5,110
CUB,2022,6,87
CUB,2022,7,116
CUB,2022,8,119
CUB,2022,9,106
CUB,2022,10,125
CUB,2022,11,130
CUB,2022,12,122
CUB,2023,1,136
CUB,2023,2,137
CUB,2023,3,158
CUB,2023,4,157
CUB,2023,5,130
CUB,2023,6,136
CUB,2023,7,136
CUB,2023,8,110
CYM,2022,1,7
CYM,2022,2,10
CYM,2022,3,8
CYM,2022,4,1
CYM,2022,5,3
CYM,2022,6,1
CYM,2022,7,4
CYM,2022,8,3
CYM,2022,9,3
CYM,2022,10,4
CYM,2022,11,6
CYM,2022,12,4
CYM,2023,1,7
CYM,2023,2,5
CYM,2023,3,2
CYM,2023,4,3
CYM,2023,5,7
CYM,2023,6,6
CYM,2023,7,1
CYM,2023,8,4
CYP,2022,1,75
CYP,2022,2,63
CYP,2022,3,84
CYP,2022,4,92
CYP,2022,5,74
CYP,2022,6,81
CYP,2022,7,75
CYP,2022,8,85
CYP,2022,9,75
CYP,2022,10,82
CYP,2022,11,79
CYP,2022,12,75
CYP,2023,1,98
CYP,2023,2,82
CYP,2023,3,104
CYP,2023,4,87
CYP,2023,5,96
CYP,2023,6,79
CYP,2023,7,72
CYP,2023,8,62
CZE,2022,1,504
CZE,2022,2,474
CZE,2022,3,487
CZE,2022,4,600
CZE,2022,5,590
CZE,2022,6,548
CZE,2022,7,566
CZE,2022,8,661
CZE,2022,9,529
CZE,2022,10,539
CZE,2022,11,536
CZE,2022,12,474
CZE,2023,1,485
CZE,2023,2,534
CZE,2023,3,514
CZE,2023,4,547
CZE,2023,5,688
CZE,2023,6,635
CZE,2023,7,696
CZE,2023,8,516
DEU,2022,1,7248
DEU,2022,2,6556
DEU,2022,3,6876
DEU,2022,4,6980
DEU,2022,5,7613
DEU,2022,6,7168
DEU,2022,7,7788
DEU,2022,8,8196
DEU,2022,9,7225
DEU,2022,10,8143
DEU,2022,11,7380
DEU,2022,12,6348
DEU,2023,1,7236
DEU,2023,2,6670
DEU,2023,3,7178
DEU,2023,4,7547
DEU,2023,5,8020
DEU,2023,6,7715
DEU,2023,7,8110
DEU,2023,8,6004
DJI,2022,1,19
DJI,2022,2,10
DJI,2022,3,7
DJI,2022,4,11
DJI,2022,5,14
DJI,2022,6,13
DJI,2022,7,11
DJI,2022,8,4
DJI,2022,9,7
DJI,2022,10,11
DJI,2022,11,4
DJI,2022,12,9
DJI,2023,1,10
DJI,2023,2,9
DJI,2023,3,13
DJI,2023,4,6
DJI,2023,5,11
DJI,2023,6,13
DJI,2023,7,4
DJI,2023,8,8
DMA,2022,1,6
DMA,2022,2,7
DMA,2022,3,5
DMA,2022,4,8
DMA,2022,5,12
DMA,2022,6,3
DMA,2022,7,3
DMA,2022,8,3
DMA,2022,9,7
DMA,2022,10,8
DMA,2022,11,4
DMA,2022,12,6
DMA,2023,1,25
DMA,2023,2,6
DMA,2023,3,9
DMA,2023,4,6
DMA,2023,5,2
DMA,2023,6,8
DMA,2023,7,4
DMA,2023,8,3
DNK,2022,1,333
DNK,2022,2,241
DNK,2022,3,280
DNK,2022,4,323
DNK,2022,5,324
DNK,2022,6,300
DNK,2022,7,405
DNK,2022,8,463
DNK,2022,9,402
DNK,2022,10,367
DNK,2022,11,337
DNK,2022,12,276
DNK,2023,1,290
DNK,2023,2,278
DNK,2023,3,278
DNK,2023,4,331
DNK,2023,5,346
DNK,2023,6,299
DNK,2023,7,485
DNK,2023,8,319
DOM,2022,1,106
DOM,2022,2,160
DOM,2022,3,137
DOM,2022,4,47
DOM,2022,5,62
DOM,2022,6,38
DOM,2022,7,52
DOM,2022,8,44
DOM,2022,9,151
DOM,2022,10,199
DOM,2022,11,136
DOM,2022,12,52
DOM,2023,1,69
DOM,2023,2,47
DOM,2023,3,62
DOM,2023,4,56
DOM,2023,5,56
DOM,2023,6,59
DOM,2023,7,88
DOM,2023,8,47
DZA,2022,1,125
DZA,2022,2,116
DZA,2022,3,108
DZA,2022,4,108
DZA,2022,5,113
DZA,2022,6,116
DZA,2022,7,124
DZA,2022,8,120
DZA,2022,9,108
DZA,2022,10,135
DZA,2022,11,107
DZA,2022,12,137
DZA,2023,1,193
DZA,2023,2,146
DZA,2023,3,172
DZA,2023,4,119
DZA,2023,5,128
DZA,2023,6,135
DZA,2023,7,130
DZA,2023,8,89
ECU,2022,1,213
ECU,2022,2,240
ECU,2022,3,187
ECU,2022,4,197
ECU,2022,5,223
ECU,2022,6,168
ECU,2022,7,258
ECU,2022,8,242
ECU,2022,9,232
ECU,2022,10,176
ECU,2022,11,187
ECU,2022,12,181
ECU,2023,1,194
ECU,2023,2,183
ECU,2023,3,338
ECU,2023,4,345
ECU,2023,5,294
ECU,2023,6,438
ECU,2023,7,364
ECU,2023,8,193
EGY,2022,1,118
EGY,2022,2,100
EGY,2022,3,127
EGY,2022,4,102
EGY,2022,5,94
EGY,2022,6,93
EGY,2022,7,96
EGY,2022,8,100
EGY,2022,9,194
EGY,2022,10,139
EGY,2022,11,178
EGY,2022,12,203
EGY,2023,1,356
EGY,2023,2,336
EGY,2023,3,355
EGY,2023,4,583
EGY,2023,5,409
EGY,2023,6,210
EGY,2023,7,174
EGY,2023,8,97
ERI,2022,1,22
ERI,2022,2,11
ERI,2022,3,10
ERI,2022,4,11
ERI,2022,5,17
ERI,2022,6,11
ERI,2022,7,11
ERI,2022,8,13
ERI,2022,9,4
ERI,2022,10,9
ERI,2022,11,14
ERI,2022,12,13
ERI,2023,1,11
ERI,2023,2,10
ERI,2023,3,17
ERI,2023,4,18
ERI,2023,5,10
ERI,2023,6,18
ERI,2023,7,15
ERI,2023,8,4
ESP,2022,1,1214
ESP,2022,2,1177
ESP,2022,3,1250
ESP,2022,4,1309
ESP,2022,5,1342
ESP,2022,6,1200
ESP,2022,7,1210
ESP,2022,8,1335
ESP,2022,9,1255
ESP,2022,10,1472
ESP,2022,11,1412
ESP,2022,12,1306
ESP,2023,1,1384
ESP,2023,2,1339
ESP,2023,3,1389
ESP,2023,4,1439
ESP,2023,5,1438
ESP,2023,6,1278
ESP,2023,7,1338
ESP,2023,8,1048
EST,2022,1,105
EST,2022,2,70
EST,2022,3,75
EST,2022,4,75
EST,2022,5,106
EST,2022,6,107
EST,2022,7,117
EST,2022,8,117
EST,2022,9,108
EST,2022,10,116
EST,2022,11,82
EST,2022,12,94
EST,2023,1,109
EST,2023,2,111
EST,2023,3,90
EST,2023,4,101
EST,2023,5,93
EST,2023,6,101
EST,2023,7,137
EST,2023,8,102
ETH,2022,1,135
ETH,2022,2,155
ETH,2022,3,147
ETH,2022,4,102
ETH,2022,5,119
ETH,2022,6,101
ETH,2022,7,108
ETH,2022,8,95
ETH,2022,9,71
ETH,2022,10,81
ETH,2022,11,115
ETH,2022,12,84
ETH,2023,1,96
ETH,2023,2,146
ETH,2023,3,860
ETH,2023,4,476
ETH,2023,5,500
ETH,2023,6,322
ETH,2023,7,143
ETH,2023,8,110
FIN,2022,1,472
FIN,2022,2,396
FIN,2022,3,411
FIN,2022,4,414
FIN,2022,5,488
FIN,2022,6,541
FIN,2022,7,553
FIN,2022,8,576
FIN,2022,9,520
FIN,2022,10,595
FIN,2022,11,509
FIN,2022,12,418
FIN,2023,1,492
FIN,2023,2,430
FIN,2023,3,452
FIN,2023,4,445
FIN,2023,5,538
FIN,2023,6,585
FIN,2023,7,626
FIN,2023,8,464
FJI,2022,1,79
FJI,2022,2,31
FJI,2022,3,28
FJI,2022,4,37
FJI,2022,5,67
FJI,2022,6,35
FJI,2022,7,24
FJI,2022,8,37
FJI,2022,9,30
FJI,2022,10,29
FJI,2022,11,46
FJI,2022,12,81
FJI,2023,1,45
FJI,2023,2,35
FJI,2023,3,45
FJI,2023,4,38
FJI,2023,5,40
FJI,2023,6,32
FJI,2023,7,32
FJI,2023,8,30
FLK,2022,1,10
FLK,2022,2,4
FLK,2022,3,5
FLK,2022,4,7
FLK,2022,5,6
FLK,2022,6,3
FLK,2022,7,3
FLK,2022,8,5
FLK,2022,9,2
FLK,2022,10,8
FLK,2022,11,11
FLK,2022,12,9
FLK,2023,1,14
FLK,2023,2,8
FLK,2023,3,10
FLK,2023,4,5
FLK,2023,5,7
FLK,2023,6,6
FLK,2023,7,10
FLK,2023,8,6
FRA,2022,1,3540
FRA,2022,2,3382
FRA,2022,3,3771
FRA,2022,4,3753
FRA,2022,5,3791
FRA,2022,6,3535
FRA,2022,7,3865
FRA,2022,8,4415
FRA,2022,9,3756
FRA,2022,10,3769
FRA,2022,11,3634
FRA,2022,12,3214
FRA,2023,1,3542
FRA,2023,2,3577
FRA,2023,3,3978
FRA,2023,4,4115
FRA,2023,5,4250
FRA,2023,6,3963
FRA,2023,7,4346
FRA,2023,8,3444
FRO,2022,1,10
FRO,2022,2,6
FRO,2022,3,13
FRO,2022,4,11
FRO,2022,5,11
FRO,2022,6,10
FRO,2022,7,15
FRO,2022,8,21
FRO,2022,9,9
FRO,2022,10,14
FRO,2022,11,16
FRO,2022,12,20
FRO,2023,1,10
FRO,2023,2,11
FRO,2023,3,14
FRO,2023,4,12
FRO,2023,5,18
FRO,2023,6,14
FRO,2023,7,11
FRO,2023,8,8
FSM,2022,1,3
FSM,2022,3,4
FSM,2022,4,3
FSM,2022,5,6
FSM,2022,6,1
FSM,2022,7,3
FSM,2022,8,2
FSM,2022,9,4
FSM,2022,10,1
FSM,2022,11,1
FSM,2022,12,3
FSM,2023,1,6
FSM,2023,2,6
FSM,2023,3,6
FSM,2023,4,2
FSM,2023,5,4
FSM,2023,6,3
FSM,2023,7,2
GAB,2022,1,23
GAB,2022,2,17
GAB,2022,3,20
GAB,2022,4,19
GAB,2022,5,11
GAB,2022,6,24
GAB,2022,7,19
GAB,2022,8,17
GAB,2022,9,18
GAB,2022,10,25
GAB,2022,11,36
GAB,2022,12,14
GAB,2023,1,26
GAB,2023,2,24
GAB,2023,3,23
GAB,2023,4,18
GAB,2023,5,33
GAB,2023,6,22
GAB,2023,7,21
GAB,2023,8,8
GBR,2022,1,2011
GBR,2022,2,1815
GBR,2022,3,2002
GBR,2022,4,2015
GBR,2022,5,2222
GBR,2022,6,1963
GBR,2022,7,2077
GBR,2022,8,2175
GBR,2022,9,1945
GBR,2022,10,2066
GBR,2022,11,1884
GBR,2022,12,1733
GBR,2023,1,1982
GBR,2023,2,2034
GBR,2023,3,2067
GBR,2023,4,2093
GBR,2023,5,2118
GBR,2023,6,2126
GBR,2023,7,2236
GBR,2023,8,1695
GEO,2022,1,99
GEO,2022,2,75
GEO,2022,3,132
GEO,2022,4,144
GEO,2022,5,176
GEO,2022,6,160
GEO,2022,7,200
GEO,2022,8,219
GEO,2022,9,168
GEO,2022,10,190
GEO,2022,11,153
GEO,2022,12,178
GEO,2023,1,181
GEO,2023,2,178
GEO,2023,3,187
GEO,2023,4,173
GEO,2023,5,168
GEO,2023,6,181
GEO,2023,7,240
GEO,2023,8,155
GGY,2022,1,4
GGY,2022,2,8
GGY,2022,3,7
GGY,2022,4,10
GGY,2022,5,18
GGY,2022,6,11
GGY,2022,7,10
GGY,2022,8,12
GGY,2022,9,8
GGY,2022,10,14
GGY,2022,11,6
GGY,2022,12,3
GGY,2023,1,6
GGY,2023,2,12
GGY,2023,3,13
GGY,2023,4,6
GGY,2023,5,15
GGY,2023,6,13
GGY,2023,7,8
GGY,2023,8,4
GHA,2022,1,114
GHA,2022,2,165
GHA,2022,3,117
GHA,2022,4,85
GHA,2022,5,109
GHA,2022,6,99
GHA,2022,7,118
GHA,2022,8,112
GHA,2022,9,129
GHA,2022,10,107
GHA,2022,11,126
GHA,2022,12,121
GHA,2023,1,114
GHA,2023,2,234
GHA,2023,3,205
GHA,2023,4,139
GHA,2023,5,150
GHA,2023,6,180
GHA,2023,7,128
GHA,2023,8,82
GIB,2022,1,2
GIB,2022,2,2
GIB,2022,3,5
GIB,2022,4,12
GIB,2022,5,5
GIB,2022,6,6
GIB,2022,7,5
GIB,2022,8,8
GIB,2022,9,12
GIB,2022,10,6
GIB,2022,11,2
GIB,2022,12,11
GIB,2023,1,4
GIB,2023,2,2
GIB,2023,3,5
GIB,2023,4,14
GIB,2023,5,9
GIB,2023,6,8
GIB,2023,7,9
GIB,2023,8,5
GIN,2022,1,49
GIN,2022,2,85
GIN,2022,3,138
GIN,2022,4,70
GIN,2022,5,87
GIN,2022,6,77
GIN,2022,7,65
GIN,2022,8,67
GIN,2022,9,73
GIN,2022,10,108
GIN,2022,11,71
GIN,2022,12,62
GIN,2023,1,82
GIN,2023,2,78
GIN,2023,3,75
GIN,2023,4,66
GIN,2023,5,71
GIN,2023,6,62
GIN,2023,7,41
GIN,2023,8,17
GMB,2022,1,33
GMB,2022,2,11
GMB,2022,3,9
GMB,2022,4,9
GMB,2022,5,19
GMB,2022,6,13
GMB,2022,7,12
GMB,2022,8,12
GMB,2022,9,21
GMB,2022,10,20
GMB,2022,11,21
GMB,2022,12,28
GMB,2023,1,23
GMB,2023,2,17
GMB,2023,3,25
GMB,2023,4,23
GMB,2023,5,23
GMB,2023,6,29
GMB,2023,7,19
GMB,2023,8,10
GNB,2022,1,8
GNB,2022,2,5
GNB,2022,3,7
GNB,2022,4,9
GNB,2022,5,7
GNB,2022,6,8
GNB,2022,7,9
GNB,2022,8,3
GNB,2022,9,7
GNB,2022,10,7
GNB,2022,11,10
GNB,2022,12,10
GNB,2023,1,12
GNB,2023,2,16
GNB,2023,3,16
GNB,2023,4,13
GNB,2023,5,14
GNB,2023,6,11
GNB,2023,7,6
GNB,2023,8,8
GNQ,2022,1,15
GNQ,2022,2,9
GNQ,2022,3,11
GNQ,2022,4,13
GNQ,2022,5,10
GNQ,2022,6,6
GNQ,2022,7,9
GNQ,2022,8,6
GNQ,2022,9,9
GNQ,2022,10,10
GNQ,2022,11,11
GNQ,2022,12,11
GNQ,2023,1,10
GNQ,2023,2,7
GNQ,2023,3,11
GNQ,2023,4,469
GNQ,2023,5,209
GNQ,2023,6,39
GNQ,2023,7,11
GNQ,2023,8,13
GRC,2022,1,274
GRC,2022,2,222
GRC,2022,3,252
GRC,2022,4,273
GRC,2022,5,345
GRC,2022,6,339
GRC,2022,7,429
GRC,2022,8,441
GRC,2022,9,407
GRC,2022,10,420
GRC,2022,11,308
GRC,2022,12,284
GRC,2023,1,275
GRC,2023,2,271
GRC,2023,3,276
GRC,2023,4,319
GRC,2023,5,361
GRC,2023,6,351
GRC,2023,7,423
GRC,2023,8,299
GRD,2022,1,7
GRD,2022,2,12
GRD,2022,3,7
GRD,2022,4,4
GRD,2022,5,6
GRD,2022,6,3
GRD,2022,7,4
GRD,2022,8,4
GRD,2022,9,1
GRD,2022,10,7
GRD,2022,11,8
GRD,2022,12,8
GRD,2023,1,5
GRD,2023,2,7
GRD,2023,3,12
GRD,2023,4,5
GRD,2023,5,1
GRD,2023,6,9
GRD,2023,7,5
GRD,2023,8,6
GRL,2022,1,11
GRL,2022,2,13
GRL,2022,3,23
GRL,2022,4,11
GRL,2022,5,14
GRL,2022,6,26
GRL,2022,7,19
GRL,2022,8,18
GRL,2022,9,14
GRL,2022,10,22
GRL,2022,11,21
GRL,2022,12,17
GRL,2023,1,24
GRL,2023,2,15
GRL,2023,3,27
GRL,2023,4,17
GRL,2023,5,17
GRL,2023,6,20
GRL,2023,7,20
GRL,2023,8,15
GTM,2022,1,843
GTM,2022,2,1859
GTM,2022,3,2110
GTM,2022,4,1498
GTM,2022,5,3029
GTM,2022,6,3666
GTM,2022,7,2202
GTM,2022,8,1242
GTM,2022,9,927
GTM,2022,10,1030
GTM,2022,11,1084
GTM,2022,12,187
GTM,2023,1,120
GTM,2023,2,85
GTM,2023,3,93
GTM,2023,4,94
GTM,2023,5,103
GTM,2023,6,114
GTM,2023,7,89
GTM,2023,8,82
GUY,2022,1,13
GUY,2022,2,15
GUY,2022,3,26
GUY,2022,4,7
GUY,2022,5,9
GUY,2022,6,12
GUY,2022,7,8
GUY,2022,8,7
GUY,2022,9,13
GUY,2022,10,22
GUY,2022,11,34
GUY,2022,12,11
GUY,2023,1,16
GUY,2023,2,11
GUY,2023,3,12
GUY,2023,4,24
GUY,2023,5,20
GUY,2023,6,33
GUY,2023,7,30
GUY,2023,8,10
HND,2022,1,65
HND,2022,2,92
HND,2022,3,62
HND,2022,4,48
HND,2022,5,42
HND,2022,6,27
HND,2022,7,29
HND,2022,8,38
HND,2022,9,38
HND,2022,10,66
HND,2022,11,62
HND,2022,12,53
HND,2023,1,39
HND,2023,2,38
HND,2023,3,50
HND,2023,4,457
HND,2023,5,1642
HND,2023,6,1819
HND,2023,7,1175
HND,2023,8,417
HRV,2022,1,218
HRV,2022,2,191
HRV,2022,3,195
HRV,2022,4,203
HRV,2022,5,242
HRV,2022,6,238
HRV,2022,7,320
HRV,2022,8,415
HRV,2022,9,336
HRV,2022,10,275
HRV,2022,11,190
HRV,2022,12,196
HRV,2023,1,191
HRV,2023,2,167
HRV,2023,3,198
HRV,2023,4,201
HRV,2023,5,246
HRV,2023,6,297
HRV,2023,7,343
HRV,2023,8,295
HTI,2022,1,148
HTI,2022,2,174
HTI,2022,3,63
HTI,2022,4,39
HTI,2022,5,33
HTI,2022,6,38
HTI,2022,7,29
HTI,2022,8,17
HTI,2022,9,25
HTI,2022,10,27
HTI,2022,11,27
HTI,2022,12,27
HTI,2023,1,30
HTI,2023,2,24
HTI,2023,3,18
HTI,2023,4,21
HTI,2023,5,14
HTI,2023,6,23
HTI,2023,7,17
HTI,2023,8,12
HUN,2022,1,366
HUN,2022,2,357
HUN,2022,3,377
HUN,2022,4,371
HUN,2022,5,425
HUN,2022,6,386
HUN,2022,7,434
HUN,2022,8,448
HUN,2022,9,403
HUN,2022,10,428
HUN,2022,11,371
HUN,2022,12,392
HUN,2023,1,426
HUN,2023,2,342
HUN,2023,3,399
HUN,2023,4,415
HUN,2023,5,426
HUN,2023,6,421
HUN,2023,7,465
HUN,2023,8,337
IDN,2022,1,1005
IDN,2022,2,718
IDN,2022,3,722
IDN,2022,4,645
IDN,2022,5,675
IDN,2022,6,795
IDN,2022,7,695
IDN,2022,8,647
IDN,2022,9,662
IDN,2022,10,1049
IDN,2022,11,1239
IDN,2022,12,985
IDN,2023,1,983
IDN,2023,2,868
IDN,2023,3,910
IDN,2023,4,618
IDN,2023,5,685
IDN,2023,6,741
IDN,2023,7,640
IDN,2023,8,438
IMN,2022,1,12
IMN,2022,2,17
IMN,2022,3,8
IMN,2022,4,11
IMN,2022,5,23
IMN,2022,6,17
IMN,2022,7,15
IMN,2022,8,21
IMN,2022,9,23
IMN,2022,10,30
IMN,2022,11,15
IMN,2022,12,9
IMN,2023,1,19
IMN,2023,2,17
IMN,2023,3,19
IMN,2023,4,13
IMN,2023,5,16
IMN,2023,6,23
IMN,2023,7,26
IMN,2023,8,15
IND,2022,1,989
IND,2022,2,1002
IND,2022,3,1002
IND,2022,4,766
IND,2022,5,815
IND,2022,6,1011
IND,2022,7,976
IND,2022,8,951
IND,2022,9,1029
IND,2022,10,1117
IND,2022,11,1199
IND,2022,12,1163
IND,2023,1,1260
IND,2023,2,1242
IND,2023,3,977
IND,2023,4,923
IND,2023,5,1031
IND,2023,6,909
IND,2023,7,1068
IND,2023,8,779
IOT,2022,1,2
IOT,2022,2,2
IOT,2022,3,2
IOT,2022,5,1
IOT,2022,9,1
IOT,2022,12,2
IOT,2023,1,2
IOT,2023,2,3
IOT,2023,3,1
IOT,2023,4,1
IOT,2023,5,1
IOT,2023,6,1
IOT,2023,7,1
IOT,2023,8,1
IRL,2022,1,205
IRL,2022,2,191
IRL,2022,3,165
IRL,2022,4,191
IRL,2022,5,252
IRL,2022,6,221
IRL,2022,7,241
IRL,2022,8,241
IRL,2022,9,236
IRL,2022,10,231
IRL,2022,11,206
IRL,2022,12,219
IRL,2023,1,227
IRL,2023,2,223
IRL,2023,3,226
IRL,2023,4,255
IRL,2023,5,226
IRL,2023,6,220
IRL,2023,7,285
IRL,2023,8,192
IRN,2022,1,520
IRN,2022,2,460
IRN,2022,3,477
IRN,2022,4,488
IRN,2022,5,481
IRN,2022,6,455
IRN,2022,7,540
IRN,2022,8,526
IRN,2022,9,448
IRN,2022,10,371
IRN,2022,11,412
IRN,2022,12,460
IRN,2023,1,511
IRN,2023,2,463
IRN,2023,3,441
IRN,2023,4,504
IRN,2023,5,481
IRN,2023,6,511
IRN,2023,7,533
IRN,2023,8,456
IRQ,2022,1,480
IRQ,2022,2,382
IRQ,2022,3,382
IRQ,2022,4,373
IRQ,2022,5,530
IRQ,2022,6,472
IRQ,2022,7,770
IRQ,2022,8,590
IRQ,2022,9,562
IRQ,2022,10,621
IRQ,2022,11,480
IRQ,2022,12,466
IRQ,2023,1,497
IRQ,2023,2,564
IRQ,2023,3,922
IRQ,2023,4,479
IRQ,2023,5,591
IRQ,2023,6,552
IRQ,2023,7,569
IRQ,2023,8,369
ISL,2022,1,40
ISL,2022,2,42
ISL,2022,3,30
ISL,2022,4,33
ISL,2022,5,47
ISL,2022,6,62
ISL,2022,7,70
ISL,2022,8,79
ISL,2022,9,54
ISL,2022,10,61
ISL,2022,11,40
ISL,2022,12,38
ISL,2023,1,45
ISL,2023,2,43
ISL,2023,3,48
ISL,2023,4,61
ISL,2023,5,64
ISL,2023,6,80
ISL,2023,7,80
ISL,2023,8,63
ISR,2022,1,194
ISR,2022,2,200
ISR,2022,3,338
ISR,2022,4,202
ISR,2022,5,199
ISR,2022,6,229
ISR,2022,7,179
ISR,2022,8,169
ISR,2022,9,188
ISR,2022,10,203
ISR,2022,11,207
ISR,2022,12,207
ISR,2023,1,233
ISR,2023,2,191
ISR,2023,3,212
ISR,2023,4,226
ISR,2023,5,207
ISR,2023,6,209
ISR,2023,7,222
ISR,2023,8,156
ITA,2022,1,1868
ITA,2022,2,1698
ITA,2022,3,1848
ITA,2022,4,1978
ITA,2022,5,2033
ITA,2022,6,2035
ITA,2022,7,2060
ITA,2022,8,2463
ITA,2022,9,2107
ITA,2022,10,2098
ITA,2022,11,1907
ITA,2022,12,1736
ITA,2023,1,1873
ITA,2023,2,1787
ITA,2023,3,1977
ITA,2023,4,2211
ITA,2023,5,2192
ITA,2023,6,2172
ITA,2023,7,2203
ITA,2023,8,1778
JAM,2022,1,32
JAM,2022,2,48
JAM,2022,3,23
JAM,2022,4,24
JAM,2022,5,21
JAM,2022,6,36
JAM,2022,7,14
JAM,2022,8,21
JAM,2022,9,17
JAM,2022,10,16
JAM,2022,11,26
JAM,2022,12,21
JAM,2023,1,33
JAM,2023,2,23
JAM,2023,3,29
JAM,2023,4,20
JAM,2023,5,35
JAM,2023,6,30
JAM,2023,7,22
JAM,2023,8,40
JEY,2022,1,9
JEY,2022,2,8
JEY,2022,3,9
JEY,2022,4,9
JEY,2022,5,17
JEY,2022,6,13
JEY,2022,7,10
JEY,2022,8,18
JEY,2022,9,7
JEY,2022,10,22
JEY,2022,11,7
JEY,2022,12,6
JEY,2023,1,7
JEY,2023,2,12
JEY,2023,3,10
JEY,2023,4,7
JEY,2023,5,13
JEY,2023,6,8
JEY,2023,7,16
JEY,2023,8,11
JOR,2022,1,61
JOR,2022,2,34
JOR,2022,3,108
JOR,2022,4,121
JOR,2022,5,57
JOR,2022,6,52
JOR,2022,7,41
JOR,2022,8,41
JOR,2022,9,34
JOR,2022,10,46
JOR,2022,11,43
JOR,2022,12,47
JOR,2023,1,50
JOR,2023,2,34
JOR,2023,3,41
JOR,2023,4,34
JOR,2023,5,53
JOR,2023,6,36
JOR,2023,7,35
JOR,2023,8,35
JPN,2022,1,650
JPN,2022,2,585
JPN,2022,3,681
JPN,2022,4,666
JPN,2022,5,726
JPN,2022,6,736
JPN,2022,7,624
JPN,2022,8,572
JPN,2022,9,619
JPN,2022,10,863
JPN,2022,11,763
JPN,2022,12,792
JPN,2023,1,733
JPN,2023,2,679
JPN,2023,3,721
JPN,2023,4,740
JPN,2023,5,744
JPN,2023,6,734
JPN,2023,7,727
JPN,2023,8,539
KAZ,2022,1,124
KAZ,2022,2,112
KAZ,2022,3,137
KAZ,2022,4,137
KAZ,2022,5,145
KAZ,2022,6,142
KAZ,2022,7,145
KAZ,2022,8,172
KAZ,2022,9,200
KAZ,2022,10,224
KAZ,2022,11,216
KAZ,2022,12,176
KAZ,2023,1,199
KAZ,2023,2,155
KAZ,2023,3,201
KAZ,2023,4,195
KAZ,2023,5,201
KAZ,2023,6,201
KAZ,2023,7,222
KAZ,2023,8,148
KEN,2022,1,163
KEN,2022,2,138
KEN,2022,3,194
KEN,2022,4,265
KEN,2022,5,297
KEN,2022,6,226
KEN,2022,7,197
KEN,2022,8,170
KEN,2022,9,270
KEN,2022,10,653
KEN,2022,11,605
KEN,2022,12,290
KEN,2023,1,332
KEN,2023,2,404
KEN,2023,3,402
KEN,2023,4,267
KEN,2023,5,335
KEN,2023,6,354
KEN,2023,7,331
KEN,2023,8,259
KGZ,2022,1,96
KGZ,2022,2,71
KGZ,2022,3,57
KGZ,2022,4,57
KGZ,2022,5,70
KGZ,2022,6,42
KGZ,2022,7,59
KGZ,2022,8,59
KGZ,2022,9,59
KGZ,2022,10,65
KGZ,2022,11,56
KGZ,2022,12,60
KGZ,2023,1,55
KGZ,2023,2,62
KGZ,2023,3,63
KGZ,2023,4,62
KGZ,2023,5,63
KGZ,2023,6,62
KGZ,2023,7,84
KGZ,2023,8,54
KHM,2022,1,82
KHM,2022,2,58
KHM,2022,3,43
KHM,2022,4,48
KHM,2022,5,75
KHM,2022,6,78
KHM,2022,7,87
KHM,2022,8,86
KHM,2022,9,57
KHM,2022,10,58
KHM,2022,11,81
KHM,2022,12,88
KHM,2023,1,89
KHM,2023,2,88
KHM,2023,3,117
KHM,2023,4,84
KHM,2023,5,69
KHM,2023,6,88
KHM,2023,7,63
KHM,2023,8,42
KIR,2022,1,9
KIR,2022,2,14
KIR,2022,3,13
KIR,2022,4,23
KIR,2022,5,20
KIR,2022,6,10
KIR,2022,7,9
KIR,2022,8,10
KIR,2022,9,9
KIR,2022,10,11
KIR,2022,11,12
KIR,2022,12,23
KIR,2023,1,8
KIR,2023,2,15
KIR,2023,3,12
KIR,2023,4,8
KIR,2023,5,14
KIR,2023,6,11
KIR,2023,7,7
KIR,2023,8,6
KNA,2022,1,7
KNA,2022,2,16
KNA,2022,3,10
KNA,2022,4,5
KNA,2022,5,5
KNA,2022,6,6
KNA,2022,7,1
KNA,2022,8,2
KNA,2022,9,5
KNA,2022,10,2
KNA,2022,11,7
KNA,2022,12,2
KNA,2023,1,4
KNA,2023,2,4
KNA,2023,3,8
KNA,2023,4,2
KNA,2023,5,6
KNA,2023,6,6
KNA,2023,7,4
KNA,2023,8,3
KOR,2022,1,212
KOR,2022,2,203
KOR,2022,3,194
KOR,2022,4,196
KOR,2022,5,178
KOR,2022,6,172
KOR,2022,7,161
KOR,2022,8,173
KOR,2022,9,233
KOR,2022,10,235
KOR,2022,11,231
KOR,2022,12,225
KOR,2023,1,188
KOR,2023,2,215
KOR,2023,3,238
KOR,2023,4,212
KOR,2023,5,223
KOR,2023,6,212
KOR,2023,7,233
KOR,2023,8,136
KWT,2022,1,22
KWT,2022,2,15
KWT,2022,3,52
KWT,2022,4,50
KWT,2022,5,31
KWT,2022,6,31
KWT,2022,7,24
KWT,2022,8,22
KWT,2022,9,25
KWT,2022,10,34
KWT,2022,11,28
KWT,2022,12,39
KWT,2023,1,40
KWT,2023,2,53
KWT,2023,3,34
KWT,2023,4,22
KWT,2023,5,25
KWT,2023,6,39
KWT,2023,7,25
KWT,2023,8,25
LAO,2022,1,41
LAO,2022,2,33
LAO,2022,3,30
LAO,2022,4,41
LAO,2022,5,38
LAO,2022,6,27
LAO,2022,7,45
LAO,2022,8,51
LAO,2022,9,32
LAO,2022,10,37
LAO,2022,11,45
LAO,2022,12,71
LAO,2023,1,69
LAO,2023,2,53
LAO,2023,3,83
LAO,2023,4,65
LAO,2023,5,62
LAO,2023,6,71
LAO,2023,7,46
LAO,2023,8,56
LBN,2022,1,363
LBN,2022,2,398
LBN,2022,3,517
LBN,2022,4,636
LBN,2022,5,265
LBN,2022,6,62
LBN,2022,7,70
LBN,2022,8,28
LBN,2022,9,39
LBN,2022,10,37
LBN,2022,11,37
LBN,2022,12,36
LBN,2023,1,69
LBN,2023,2,95
LBN,2023,3,164
LBN,2023,4,153
LBN,2023,5,86
LBN,2023,6,114
LBN,2023,7,64
LBN,2023,8,51
LBR,2022,1,16
LBR,2022,2,27
LBR,2022,3,18
LBR,2022,4,14
LBR,2022,5,30
LBR,2022,6,27
LBR,2022,7,50
LBR,2022,8,20
LBR,2022,9,27
LBR,2022,10,24
LBR,2022,11,26
LBR,2022,12,38
LBR,2023,1,23
LBR,2023,2,20
LBR,2023,3,23
LBR,2023,4,15
LBR,2023,5,18
LBR,2023,6,23
LBR,2023,7,22
LBR,2023,8,13
LBY,2022,1,378
LBY,2022,2,235
LBY,2022,3,508
LBY,2022,4,330
LBY,2022,5,515
LBY,2022,6,395
LBY,2022,7,204
LBY,2022,8,162
LBY,2022,9,169
LBY,2022,10,304
LBY,2022,11,376
LBY,2022,12,261
LBY,2023,1,263
LBY,2023,2,206
LBY,2023,3,172
LBY,2023,4,186
LBY,2023,5,155
LBY,2023,6,128
LBY,2023,7,94
LBY,2023,8,67
LCA,2022,1,18
LCA,2022,2,24
LCA,2022,3,33
LCA,2022,4,37
LCA,2022,5,11
LCA,2022,6,15
LCA,2022,7,37
LCA,2022,8,17
LCA,2022,9,14
LCA,2022,10,12
LCA,2022,11,20
LCA,2022,12,59
LCA,2023,1,17
LCA,2023,2,11
LCA,2023,3,17
LCA,2023,4,11
LCA,2023,5,16
LCA,2023,6,13
LCA,2023,7,8
LCA,2023,8,8
LIE,2022,1,18
LIE,2022,2,17
LIE,2022,3,13
LIE,2022,4,7
LIE,2022,5,29
LIE,2022,6,12
LIE,2022,7,17
LIE,2022,8,25
LIE,2022,9,18
LIE,2022,10,24
LIE,2022,11,10
LIE,2022,12,16
LIE,2023,1,18
LIE,2023,2,11
LIE,2023,3,18
LIE,2023,4,27
LIE,2023,5,21
LIE,2023,6,26
LIE,2023,7,16
LIE,2023,8,17
LKA,2022,1,130
LKA,2022,2,108
LKA,2022,3,162
LKA,2022,4,116
LKA,2022,5,151
LKA,2022,6,133
LKA,2022,7,149
LKA,2022,8,111
LKA,2022,9,108
LKA,2022,10,215
LKA,2022,11,180
LKA,2022,12,162
LKA,2023,1,142
LKA,2023,2,180
LKA,2023,3,290
LKA,2023,4,346
LKA,2023,5,229
LKA,2023,6,954
LKA,2023,7,857
LKA,2023,8,545
LSO,2022,1,13
LSO,2022,2,20
LSO,2022,3,11
LSO,2022,4,13
LSO,2022,5,32
LSO,2022,6,67
LSO,2022,7,30
LSO,2022,8,18
LSO,2022,9,24
LSO,2022,10,43
LSO,2022,11,34
LSO,2022,12,53
LSO,2023,1,51
LSO,2023,2,34
LSO,2023,3,43
LSO,2023,4,27
LSO,2023,5,25
LSO,2023,6,26
LSO,2023,7,23
LSO,2023,8,17
LTU,2022,1,116
LTU,2022,2,108
LTU,2022,3,92
LTU,2022,4,94
LTU,2022,5,123
LTU,2022,6,141
LTU,2022,7,132
LTU,2022,8,138
LTU,2022,9,119
LTU,2022,10,123
LTU,2022,11,119
LTU,2022,12,125
LTU,2023,1,123
LTU,2023,2,115
LTU,2023,3,108
LTU,2023,4,123
LTU,2023,5,133
LTU,2023,6,159
LTU,2023,7,181
LTU,2023,8,116
LUX,2022,1,86
LUX,2022,2,80
LUX,2022,3,81
LUX,2022,4,84
LUX,2022,5,106
LUX,2022,6,87
LUX,2022,7,95
LUX,2022,8,114
LUX,2022,9,86
LUX,2022,10,76
LUX,2022,11,75
LUX,2022,12,76
LUX,2023,1,84
LUX,2023,2,89
LUX,2023,3,105
LUX,2023,4,90
LUX,2023,5,96
LUX,2023,6,93
LUX,2023,7,99
LUX,2023,8,84
LVA,2022,1,143
LVA,2022,2,115
LVA,2022,3,115
LVA,2022,4,107
LVA,2022,5,150
LVA,2022,6,125
LVA,2022,7,154
LVA,2022,8,148
LVA,2022,9,138
LVA,2022,10,129
LVA,2022,11,132
LVA,2022,12,135
LVA,2023,1,136
LVA,2023,2,117
LVA,2023,3,141
LVA,2023,4,141
LVA,2023,5,135
LVA,2023,6,160
LVA,2023,7,189
LVA,2023,8,120
MAR,2022,1,84
MAR,2022,2,96
MAR,2022,3,112
MAR,2022,4,206
MAR,2022,5,286
MAR,2022,6,110
MAR,2022,7,91
MAR,2022,8,145
MAR,2022,9,104
MAR,2022,10,136
MAR,2022,11,120
MAR,2022,12,137
MAR,2023,1,170
MAR,2023,2,121
MAR,2023,3,159
MAR,2023,4,153
MAR,2023,5,130
MAR,2023,6,129
MAR,2023,7,136
MAR,2023,8,73
MCO,2022,1,13
MCO,2022,2,11
MCO,2022,3,9
MCO,2022,4,7
MCO,2022,5,19
MCO,2022,6,5
MCO,2022,7,8
MCO,2022,8,13
MCO,2022,9,13
MCO,2022,10,8
MCO,2022,11,9
MCO,2022,12,5
MCO,2023,1,5
MCO,2023,2,18
MCO,2023,3,8
MCO,2023,4,10
MCO,2023,5,16
MCO,2023,6,11
MCO,2023,7,4
MCO,2023,8,6
MDA,2022,1,73
MDA,2022,2,69
MDA,2022,3,60
MDA,2022,4,133
MDA,2022,5,98
MDA,2022,6,96
MDA,2022,7,68
MDA,2022,8,85
MDA,2022,9,74
MDA,2022,10,92
MDA,2022,11,69
MDA,2022,12,68
MDA,2023,1,74
MDA,2023,2,108
MDA,2023,3,102
MDA,2023,4,72
MDA,2023,5,73
MDA,2023,6,78
MDA,2023,7,100
MDA,2023,8,57
MDG,2022,1,276
MDG,2022,2,628
MDG,2022,3,788
MDG,2022,4,971
MDG,2022,5,229
MDG,2022,6,291
MDG,2022,7,183
MDG,2022,8,116
MDG,2022,9,116
MDG,2022,10,151
MDG,2022,11,157
MDG,2022,12,48
MDG,2023,1,72
MDG,2023,2,73
MDG,2023,3,73
MDG,2023,4,221
MDG,2023,5,80
MDG,2023,6,80
MDG,2023,7,139
MDG,2023,8,113
MDV,2022,1,18
MDV,2022,2,15
MDV,2022,3,22
MDV,2022,4,13
MDV,2022,5,14
MDV,2022,6,21
MDV,2022,7,17
MDV,2022,8,20
MDV,2022,9,20
MDV,2022,10,14
MDV,2022,11,20
MDV,2022,12,19
MDV,2023,1,21
MDV,2023,2,17
MDV,2023,3,24
MDV,2023,4,15
MDV,2023,5,25
MDV,2023,6,16
MDV,2023,7,9
MDV,2023,8,10
MEX,2022,1,389
MEX,2022,2,359
MEX,2022,3,392
MEX,2022,4,397
MEX,2022,5,447
MEX,2022,6,403
MEX,2022,7,382
MEX,2022,8,431
MEX,2022,9,377
MEX,2022,10,479
MEX,2022,11,461
MEX,2022,12,346
MEX,2023,1,392
MEX,2023,2,421
MEX,2023,3,460
MEX,2023,4,365
MEX,2023,5,368
MEX,2023,6,421
MEX,2023,7,368
MEX,2023,8,279
MHL,2022,1,5
MHL,2022,2,2
MHL,2022,3,2
MHL,2022,4,4
MHL,2022,5,3
MHL,2022,7,1
MHL,2022,8,1
MHL,2022,10,3
MHL,2022,11,2
MHL,2022,12,1
MHL,2023,1,2
MHL,2023,4,2
MHL,2023,5,3
MHL,2023,6,4
MHL,2023,7,2
MHL,2023,8,3
MKD,2022,1,46
MKD,2022,2,34
MKD,2022,3,49
MKD,2022,4,48
MKD,2022,5,36
MKD,2022,6,30
MKD,2022,7,50
MKD,2022,8,52
MKD,2022,9,51
MKD,2022,10,47
MKD,2022,11,49
MKD,2022,12,45
MKD,2023,1,50
MKD,2023,2,49
MKD,2023,3,47
MKD,2023,4,60
MKD,2023,5,51
MKD,2023,6,56
MKD,2023,7,56
MKD,2023,8,51
MLI,2022,1,195
MLI,2022,2,154
MLI,2022,3,134
MLI,2022,4,121
MLI,2022,5,179
MLI,2022,6,110
MLI,2022,7,94
MLI,2022,8,98
MLI,2022,9,123
MLI,2022,10,146
MLI,2022,11,337
MLI,2022,12,177
MLI,2023,1,122
MLI,2023,2,116
MLI,2023,3,101
MLI,2023,4,79
MLI,2023,5,95
MLI,2023,6,81
MLI,2023,7,66
MLI,2023,8,66
MLT,2022,1,25
MLT,2022,2,22
MLT,2022,3,29
MLT,2022,4,30
MLT,2022,5,36
MLT,2022,6,39
MLT,2022,7,20
MLT,2022,8,27
MLT,2022,9,28
MLT,2022,10,42
MLT,2022,11,37
MLT,2022,12,39
MLT,2023,1,49
MLT,2023,2,38
MLT,2023,3,40
MLT,2023,4,35
MLT,2023,5,50
MLT,2023,6,43
MLT,2023,7,26
MLT,2023,8,24
MMR,2022,1,107
MMR,2022,2,73
MMR,2022,3,73
MMR,2022,4,74
MMR,2022,5,74
MMR,2022,6,73
MMR,2022,7,92
MMR,2022,8,83
MMR,2022,9,71
MMR,2022,10,86
MMR,2022,11,80
MMR,2022,12,105
MMR,2023,1,106
MMR,2023,2,106
MMR,2023,3,96
MMR,2023,4,102
MMR,2023,5,88
MMR,2023,6,107
MMR,2023,7,98
MMR,2023,8,72
MNE,2022,1,46
MNE,2022,2,33
MNE,2022,3,35
MNE,2022,4,52
MNE,2022,5,54
MNE,2022,6,77
MNE,2022,7,112
MNE,2022,8,105
MNE,2022,9,73
MNE,2022,10,71
MNE,2022,11,58
MNE,2022,12,63
MNE,2023,1,68
MNE,2023,2,87
MNE,2023,3,79
MNE,2023,4,73
MNE,2023,5,91
MNE,2023,6,136
MNE,2023,7,170
MNE,2023,8,72
MNG,2022,1,59
MNG,2022,2,61
MNG,2022,3,58
MNG,2022,4,126
MNG,2022,5,129
MNG,2022,6,51
MNG,2022,7,70
MNG,2022,8,74
MNG,2022,9,58
MNG,2022,10,58
MNG,2022,11,85
MNG,2022,12,47
MNG,2023,1,57
MNG,2023,2,57
MNG,2023,3,44
MNG,2023,4,44
MNG,2023,5,39
MNG,2023,6,55
MNG,2023,7,63
MNG,2023,8,41
MOZ,2022,1,155
MOZ,2022,2,170
MOZ,2022,3,203
MOZ,2022,4,289
MOZ,2022,5,454
MOZ,2022,6,355
MOZ,2022,7,162
MOZ,2022,8,172
MOZ,2022,9,45
MOZ,2022,10,57
MOZ,2022,11,55
MOZ,2022,12,46
MOZ,2023,1,39
MOZ,2023,2,57
MOZ,2023,3,135
MOZ,2023,4,108
MOZ,2023,5,81
MOZ,2023,6,62
MOZ,2023,7,169
MOZ,2023,8,64
MRT,2022,1,605
MRT,2022,2,401
MRT,2022,3,513
MRT,2022,4,291
MRT,2022,5,487
MRT,2022,6,260
MRT,2022,7,141
MRT,2022,8,165
MRT,2022,9,125
MRT,2022,10,302
MRT,2022,11,150
MRT,2022,12,59
MRT,2023,1,49
MRT,2023,2,69
MRT,2023,3,70
MRT,2023,4,33
MRT,2023,5,47
MRT,2023,6,31
MRT,2023,7,29
MRT,2023,8,15
MSR,2022,1,2
MSR,2022,2,3
MSR,2022,3,4
MSR,2022,5,1
MSR,2022,7,1
MSR,2022,9,1
MSR,2022,10,1
MSR,2022,11,2
MSR,2022,12,3
MSR,2023,1,2
MSR,2023,2,3
MSR,2023,3,4
MSR,2023,4,3
MSR,2023,5,3
MSR,2023,6,3
MSR,2023,7,1
MUS,2022,1,36
MUS,2022,2,23
MUS,2022,3,27
MUS,2022,4,33
MUS,2022,5,21
MUS,2022,6,21
MUS,2022,7,26
MUS,2022,8,24
MUS,2022,9,18
MUS,2022,10,41
MUS,2022,11,41
MUS,2022,12,29
MUS,2023,1,39
MUS,2023,2,23
MUS,2023,3,32
MUS,2023,4,25
MUS,2023,5,49
MUS,2023,6,25
MUS,2023,7,25
MUS,2023,8,18
MWI,2022,1,105
MWI,2022,2,66
MWI,2022,3,109
MWI,2022,4,84
MWI,2022,5,98
MWI,2022,6,63
MWI,2022,7,99
MWI,2022,8,68
MWI,2022,9,71
MWI,2022,10,94
MWI,2022,11,220
MWI,2022,12,57
MWI,2023,1,59
MWI,2023,2,186
MWI,2023,3,797
MWI,2023,4,1252
MWI,2023,5,777
MWI,2023,6,618
MWI,2023,7,154
MWI,2023,8,121
MYS,2022,1,207
MYS,2022,2,262
MYS,2022,3,270
MYS,2022,4,220
MYS,2022,5,242
MYS,2022,6,236
MYS,2022,7,203
MYS,2022,8,268
MYS,2022,9,284
MYS,2022,10,224
MYS,2022,11,190
MYS,2022,12,223
MYS,2023,1,265
MYS,2023,2,234
MYS,2023,3,268
MYS,2023,4,253
MYS,2023,5,257
MYS,2023,6,290
MYS,2023,7,225
MYS,2023,8,164
NAM,2022,1,59
NAM,2022,2,50
NAM,2022,3,65
NAM,2022,4,60
NAM,2022,5,88
NAM,2022,6,74
NAM,2022,7,83
NAM,2022,8,73
NAM,2022,9,103
NAM,2022,10,123
NAM,2022,11,107
NAM,2022,12,49
NAM,2023,1,125
NAM,2023,2,89
NAM,2023,3,111
NAM,2023,4,115
NAM,2023,5,104
NAM,2023,6,83
NAM,2023,7,56
NAM,2023,8,65
NER,2022,1,66
NER,2022,2,113
NER,2022,3,60
NER,2022,4,48
NER,2022,5,65
NER,2022,6,60
NER,2022,7,58
NER,2022,8,90
NER,2022,9,109
NER,2022,10,124
NER,2022,11,172
NER,2022,12,77
NER,2023,1,182
NER,2023,2,142
NER,2023,3,148
NER,2023,4,71
NER,2023,5,153
NER,2023,6,109
NER,2023,7,70
NER,2023,8,52
NGA,2022,1,799
NGA,2022,2,661
NGA,2022,3,706
NGA,2022,4,376
NGA,2022,5,472
NGA,2022,6,532
NGA,2022,7,439
NGA,2022,8,454
NGA,2022,9,868
NGA,2022,10,1005
NGA,2022,11,1114
NGA,2022,12,1022
NGA,2023,1,658
NGA,2023,2,271
NGA,2023,3,303
NGA,2023,4,292
NGA,2023,5,284
NGA,2023,6,374
NGA,2023,7,205
NGA,2023,8,179
NIC,2022,1,70
NIC,2022,2,63
NIC,2022,3,65
NIC,2022,4,51
NIC,2022,5,55
NIC,2022,6,44
NIC,2022,7,35
NIC,2022,8,47
NIC,2022,9,43
NIC,2022,10,45
NIC,2022,11,59
NIC,2022,12,40
NIC,2023,1,64
NIC,2023,2,48
NIC,2023,3,51
NIC,2023,4,41
NIC,2023,5,84
NIC,2023,6,75
NIC,2023,7,74
NIC,2023,8,37
NIU,2022,1,4
NIU,2022,2,1
NIU,2022,3,1
NIU,2022,5,1
NIU,2022,8,1
NIU,2022,9,1
NIU,2022,10,1
NIU,2023,1,2
NIU,2023,3,2
NIU,2023,4,2
NIU,2023,6,2
NIU,2023,7,3
NLD,2022,1,806
NLD,2022,2,800
NLD,2022,3,919
NLD,2022,4,855
NLD,2022,5,971
NLD,2022,6,924
NLD,2022,7,956
NLD,2022,8,1032
NLD,2022,9,927
NLD,2022,10,962
NLD,2022,11,899
NLD,2022,12,800
NLD,2023,1,840
NLD,2023,2,855
NLD,2023,3,919
NLD,2023,4,1003
NLD,2023,5,1016
NLD,2023,6,985
NLD,2023,7,1085
NLD,2023,8,770
NOR,2022,1,307
NOR,2022,2,274
NOR,2022,3,313
NOR,2022,4,301
NOR,2022,5,380
NOR,2022,6,365
NOR,2022,7,446
NOR,2022,8,470
NOR,2022,9,393
NOR,2022,10,382
NOR,2022,11,342
NOR,2022,12,302
NOR,2023,1,302
NOR,2023,2,328
NOR,2023,3,304
NOR,2023,4,316
NOR,2023,5,344
NOR,2023,6,386
NOR,2023,7,477
NOR,2023,8,389
NPL,2022,1,419
NPL,2022,2,462
NPL,2022,3,433
NPL,2022,4,365
NPL,2022,5,290
NPL,2022,6,302
NPL,2022,7,264
NPL,2022,8,274
NPL,2022,9,320
NPL,2022,10,252
NPL,2022,11,458
NPL,2022,12,347
NPL,2023,1,375
NPL,2023,2,341
NPL,2023,3,298
NPL,2023,4,296
NPL,2023,5,335
NPL,2023,6,296
NPL,2023,7,378
NPL,2023,8,157
NRU,2022,1,2
NRU,2022,2,2
NRU,2022,3,4
NRU,2022,5,3
NRU,2022,7,1
NRU,2022,9,1
NRU,2022,10,2
NRU,2023,1,1
NRU,2023,2,1
NRU,2023,3,3
NRU,2023,4,2
NRU,2023,5,1
NRU,2023,6,6
NRU,2023,7,3
NRU,2023,8,1
NZL,2022,1,206
NZL,2022,2,161
NZL,2022,3,168
NZL,2022,4,156
NZL,2022,5,213
NZL,2022,6,152
NZL,2022,7,186
NZL,2022,8,193
NZL,2022,9,176
NZL,2022,10,202
NZL,2022,11,212
NZL,2022,12,217
NZL,2023,1,234
NZL,2023,2,205
NZL,2023,3,227
NZL,2023,4,201
NZL,2023,5,226
NZL,2023,6,205
NZL,2023,7,201
NZL,2023,8,162
OMN,2022,1,34
OMN,2022,2,29
OMN,2022,3,28
OMN,2022,4,36
OMN,2022,5,58
OMN,2022,6,42
OMN,2022,7,34
OMN,2022,8,29
OMN,2022,9,38
OMN,2022,10,41
OMN,2022,11,47
OMN,2022,12,49
OMN,2023,1,45
OMN,2023,2,38
OMN,2023,3,39
OMN,2023,4,39
OMN,2023,5,38
OMN,2023,6,37
OMN,2023,7,29
OMN,2023,8,39
PAK,2022,1,159
PAK,2022,2,156
PAK,2022,3,150
PAK,2022,4,122
PAK,2022,5,130
PAK,2022,6,130
PAK,2022,7,126
PAK,2022,8,156
PAK,2022,9,260
PAK,2022,10,230
PAK,2022,11,269
PAK,2022,12,286
PAK,2023,1,214
PAK,2023,2,171
PAK,2023,3,143
PAK,2023,4,110
PAK,2023,5,97
PAK,2023,6,112
PAK,2023,7,135
PAK,2023,8,92
PAN,2022,1,52
PAN,2022,2,57
PAN,2022,3,39
PAN,2022,4,36
PAN,2022,5,50
PAN,2022,6,33
PAN,2022,7,38
PAN,2022,8,46
PAN,2022,9,42
PAN,2022,10,62
PAN,2022,11,72
PAN,2022,12,54
PAN,2023,1,59
PAN,2023,2,34
PAN,2023,3,45
PAN,2023,4,50
PAN,2023,5,43
PAN,2023,6,35
PAN,2023,7,39
PAN,2023,8,29
PCN,2022,1,4
PCN,2022,2,2
PCN,2022,3,1
PCN,2022,4,3
PCN,2022,5,1
PCN,2022,7,2
PCN,2022,8,1
PCN,2022,9,1
PCN,2022,10,1
PCN,2022,11,1
PCN,2022,12,1
PCN,2023,1,2
PCN,2023,3,1
PCN,2023,5,4
PCN,2023,6,2
PCN,2023,7,12
PCN,2023,8,1
PER,2022,1,178
PER,2022,2,141
PER,2022,3,178
PER,2022,4,201
PER,2022,5,168
PER,2022,6,123
PER,2022,7,163
PER,2022,8,194
PER,2022,9,202
PER,2022,10,185
PER,2022,11,172
PER,2022,12,167
PER,2023,1,150
PER,2023,2,125
PER,2023,3,187
PER,2023,4,204
PER,2023,5,199
PER,2023,6,192
PER,2023,7,292
PER,2023,8,160
PHL,2022,1,663
PHL,2022,2,629
PHL,2022,3,461
PHL,2022,4,663
PHL,2022,5,517
PHL,2022,6,457
PHL,2022,7,519
PHL,2022,8,624
PHL,2022,9,581
PHL,2022,10,542
PHL,2022,11,544
PHL,2022,12,379
PHL,2023,1,549
PHL,2023,2,591
PHL,2023,3,655
PHL,2023,4,625
PHL,2023,5,772
PHL,2023,6,873
PHL,2023,7,758
PHL,2023,8,419
PLW,2022,1,5
PLW,2022,2,2
PLW,2022,3,2
PLW,2022,4,2
PLW,2022,5,5
PLW,2022,6,3
PLW,2022,7,2
PLW,2022,8,4
PLW,2022,9,3
PLW,2022,10,1
PLW,2022,11,1
PLW,2022,12,2
PLW,2023,1,2
PLW,2023,2,3
PLW,2023,3,5
PLW,2023,4,3
PLW,2023,5,2
PLW,2023,6,5
PLW,2023,7,2
PNG,2022,1,28
PNG,2022,2,27
PNG,2022,3,33
PNG,2022,4,27
PNG,2022,5,21
PNG,2022,6,19
PNG,2022,7,26
PNG,2022,8,27
PNG,2022,9,18
PNG,2022,10,19
PNG,2022,11,13
PNG,2022,12,12
PNG,2023,1,13
PNG,2023,2,24
PNG,2023,3,25
PNG,2023,4,21
PNG,2023,5,18
PNG,2023,6,26
PNG,2023,7,20
PNG,2023,8,12
POL,2022,1,1563
POL,2022,2,1400
POL,2022,3,1554
POL,2022,4,1491
POL,2022,5,1633
POL,2022,6,1462
POL,2022,7,1624
POL,2022,8,1694
POL,2022,9,1538
POL,2022,10,1654
POL,2022,11,1562
POL,2022,12,1478
POL,2023,1,1600
POL,2023,2,1507
POL,2023,3,1685
POL,2023,4,1687
POL,2023,5,1781
POL,2023,6,1709
POL,2023,7,1875
POL,2023,8,1338
PRK,2022,1,51
PRK,2022,2,51
PRK,2022,3,34
PRK,2022,4,28
PRK,2022,5,41
PRK,2022,6,27
PRK,2022,7,30
PRK,2022,8,41
PRK,2022,9,31
PRK,2022,10,51
PRK,2022,11,40
PRK,2022,12,51
PRK,2023,1,36
PRK,2023,2,38
PRK,2023,3,29
PRK,2023,4,32
PRK,2023,5,27
PRK,2023,6,37
PRK,2023,7,47
PRK,2023,8,18
PRT,2022,1,362
PRT,2022,2,357
PRT,2022,3,398
PRT,2022,4,397
PRT,2022,5,456
PRT,2022,6,368
PRT,2022,7,420
PRT,2022,8,464
PRT,2022,9,452
PRT,2022,10,466
PRT,2022,11,408
PRT,2022,12,416
PRT,2023,1,426
PRT,2023,2,407
PRT,2023,3,471
PRT,2023,4,431
PRT,2023,5,473
PRT,2023,6,473
PRT,2023,7,490
PRT,2023,8,365
PRY,2022,1,72
PRY,2022,2,61
PRY,2022,3,94
PRY,2022,4,53
PRY,2022,5,79
PRY,2022,6,95
PRY,2022,7,95
PRY,2022,8,90
PRY,2022,9,98
PRY,2022,10,84
PRY,2022,11,127
PRY,2022,12,101
PRY,2023,1,65
PRY,2023,2,63
PRY,2023,3,111
PRY,2023,4,106
PRY,2023,5,118
PRY,2023,6,94
PRY,2023,7,82
PRY,2023,8,62
QAT,2022,1,29
QAT,2022,2,58
QAT,2022,3,82
QAT,2022,4,58
QAT,2022,5,24
QAT,2022,6,69
QAT,2022,7,46
QAT,2022,8,62
QAT,2022,9,28
QAT,2022,10,42
QAT,2022,11,264
QAT,2022,12,126
QAT,2023,1,87
QAT,2023,2,56
QAT,2023,3,56
QAT,2023,4,52
QAT,2023,5,69
QAT,2023,6,66
QAT,2023,7,44
QAT,2023,8,23
ROU,2022,1,311
ROU,2022,2,268
ROU,2022,3,300
ROU,2022,4,276
ROU,2022,5,327
ROU,2022,6,307
ROU,2022,7,322
ROU,2022,8,385
ROU,2022,9,313
ROU,2022,10,341
ROU,2022,11,308
ROU,2022,12,307
ROU,2023,1,281
ROU,2023,2,282
ROU,2023,3,304
ROU,2023,4,316
ROU,2023,5,333
ROU,2023,6,356
ROU,2023,7,418
ROU,2023,8,282
RUS,2022,1,1806
RUS,2022,2,1605
RUS,2022,3,1389
RUS,2022,4,1653
RUS,2022,5,1945
RUS,2022,6,2075
RUS,2022,7,2069
RUS,2022,8,2104
RUS,2022,9,1798
RUS,2022,10,1846
RUS,2022,11,1782
RUS,2022,12,1546
RUS,2023,1,1611
RUS,2023,2,1620
RUS,2023,3,1884
RUS,2023,4,1755
RUS,2023,5,1857
RUS,2023,6,1842
RUS,2023,7,2056
RUS,2023,8,1468
RWA,2022,1,36
RWA,2022,2,39
RWA,2022,3,46
RWA,2022,4,35
RWA,2022,5,35
RWA,2022,6,21
RWA,2022,7,23
RWA,2022,8,102
RWA,2022,9,25
RWA,2022,10,46
RWA,2022,11,36
RWA,2022,12,40
RWA,2023,1,49
RWA,2023,2,301
RWA,2023,3,251
RWA,2023,4,228
RWA,2023,5,377
RWA,2023,6,197
RWA,2023,7,67
RWA,2023,8,50
SAU,2022,1,119
SAU,2022,2,105
SAU,2022,3,110
SAU,2022,4,99
SAU,2022,5,113
SAU,2022,6,122
SAU,2022,7,122
SAU,2022,8,181
SAU,2022,9,193
SAU,2022,10,184
SAU,2022,11,145
SAU,2022,12,190
SAU,2023,1,192
SAU,2023,2,208
SAU,2023,3,163
SAU,2023,4,144
SAU,2023,5,145
SAU,2023,6,130
SAU,2023,7,96
SAU,2023,8,60
SDN,2022,1,80
SDN,2022,2,80
SDN,2022,3,74
SDN,2022,4,60
SDN,2022,5,76
SDN,2022,6,92
SDN,2022,7,55
SDN,2022,8,49
SDN,2022,9,854
SDN,2022,10,378
SDN,2022,11,106
SDN,2022,12,51
SDN,2023,1,57
SDN,2023,2,53
SDN,2023,3,58
SDN,2023,4,51
SDN,2023,5,63
SDN,2023,6,64
SDN,2023,7,307
SDN,2023,8,135
SEN,2022,1,92
SEN,2022,2,107
SEN,2022,3,83
SEN,2022,4,56
SEN,2022,5,64
SEN,2022,6,79
SEN,2022,7,67
SEN,2022,8,48
SEN,2022,9,66
SEN,2022,10,92
SEN,2022,11,123
SEN,2022,12,93
SEN,2023,1,58
SEN,2023,2,64
SEN,2023,3,84
SEN,2023,4,69
SEN,2023,5,142
SEN,2023,6,61
SEN,2023,7,58
SEN,2023,8,27
SGP,2022,1,105
SGP,2022,2,102
SGP,2022,3,83
SGP,2022,4,69
SGP,2022,5,76
SGP,2022,6,75
SGP,2022,7,75
SGP,2022,8,94
SGP,2022,9,98
SGP,2022,10,90
SGP,2022,11,82
SGP,2022,12,94
SGP,2023,1,79
SGP,2023,2,77
SGP,2023,3,102
SGP,2023,4,82
SGP,2023,5,82
SGP,2023,6,80
SGP,2023,7,87
SGP,2023,8,73
SGS,2022,1,3
SGS,2022,2,1
SGS,2022,3,3
SGS,2022,4,5
SGS,2022,5,2
SGS,2022,6,2
SGS,2022,7,2
SGS,2022,8,2
SGS,2022,9,1
SGS,2022,10,2
SGS,2022,11,5
SGS,2022,12,4
SGS,2023,1,1
SGS,2023,3,5
SGS,2023,4,4
SGS,2023,5,6
SGS,2023,7,2
SGS,2023,8,3
SHN,2022,1,2
SHN,2022,2,1
SHN,2022,3,5
SHN,2022,4,5
SHN,2022,5,9
SHN,2022,6,2
SHN,2022,7,6
SHN,2022,8,1
SHN,2022,9,8
SHN,2022,10,8
SHN,2022,11,7
SHN,2022,12,11
SHN,2023,1,6
SHN,2023,2,3
SHN,2023,3,9
SHN,2023,4,6
SHN,2023,5,5
SHN,2023,6,5
SHN,2023,7,4
SHN,2023,8,3
SLB,2022,1,8
SLB,2022,2,4
SLB,2022,3,7
SLB,2022,4,3
SLB,2022,5,6
SLB,2022,6,39
SLB,2022,7,11
SLB,2022,8,11
SLB,2022,9,18
SLB,2022,10,22
SLB,2022,11,6
SLB,2022,12,4
SLB,2023,1,3
SLB,2023,2,4
SLB,2023,3,2
SLB,2023,4,8
SLB,2023,5,3
SLB,2023,6,2
SLB,2023,7,3
SLB,2023,8,4
SLE,2022,1,33
SLE,2022,2,68
SLE,2022,3,144
SLE,2022,4,58
SLE,2022,5,37
SLE,2022,6,49
SLE,2022,7,36
SLE,2022,8,24
SLE,2022,9,50
SLE,2022,10,30
SLE,2022,11,33
SLE,2022,12,43
SLE,2023,1,40
SLE,2023,2,32
SLE,2023,3,53
SLE,2023,4,29
SLE,2023,5,30
SLE,2023,6,24
SLE,2023,7,17
SLE,2023,8,11
SLV,2022,1,55
SLV,2022,2,70
SLV,2022,3,77
SLV,2022,4,54
SLV,2022,5,41
SLV,2022,6,34
SLV,2022,7,29
SLV,2022,8,75
SLV,2022,9,50
SLV,2022,10,58
SLV,2022,11,825
SLV,2022,12,1191
SLV,2023,1,1304
SLV,2023,2,740
SLV,2023,3,733
SLV,2023,4,881
SLV,2023,5,699
SLV,2023,6,153
SLV,2023,7,69
SLV,2023,8,37
SMR,2022,1,8
SMR,2022,2,4
SMR,2022,3,5
SMR,2022,4,8
SMR,2022,5,6
SMR,2022,6,4
SMR,2022,7,4
SMR,2022,8,7
SMR,2022,9,10
SMR,2022,10,10
SMR,2022,11,4
SMR,2022,12,4
SMR,2023,1,8
SMR,2023,2,4
SMR,2023,3,13
SMR,2023,4,13
SMR,2023,5,6
SMR,2023,6,20
SMR,2023,7,8
SMR,2023,8,2
SOM,2022,1,114
SOM,2022,2,133
SOM,2022,3,107
SOM,2022,4,57
SOM,2022,5,126
SOM,2022,6,175
SOM,2022,7,75
SOM,2022,8,58
SOM,2022,9,92
SOM,2022,10,150
SOM,2022,11,467
SOM,2022,12,174
SOM,2023,1,88
SOM,2023,2,69
SOM,2023,3,51
SOM,2023,4,93
SOM,2023,5,86
SOM,2023,6,87
SOM,2023,7,60
SOM,2023,8,105
SRB,2022,1,153
SRB,2022,2,130
SRB,2022,3,213
SRB,2022,4,209
SRB,2022,5,167
SRB,2022,6,162
SRB,2022,7,176
SRB,2022,8,179
SRB,2022,9,181
SRB,2022,10,167
SRB,2022,11,188
SRB,2022,12,169
SRB,2023,1,194
SRB,2023,2,180
SRB,2023,3,195
SRB,2023,4,180
SRB,2023,5,197
SRB,2023,6,162
SRB,2023,7,206
SRB,2023,8,159
SSD,2022,1,75
SSD,2022,2,46
SSD,2022,3,169
SSD,2022,4,695
SSD,2022,5,508
SSD,2022,6,60
SSD,2022,7,63
SSD,2022,8,46
SSD,2022,9,41
SSD,2022,10,100
SSD,2022,11,193
SSD,2022,12,266
SSD,2023,1,106
SSD,2023,2,87
SSD,2023,3,68
SSD,2023,4,43
SSD,2023,5,48
SSD,2023,6,73
SSD,2023,7,31
SSD,2023,8,18
STP,2022,1,8
STP,2022,2,3
STP,2022,3,2
STP,2022,4,4
STP,2022,5,3
STP,2022,6,3
STP,2022,7,4
STP,2022,8,1
STP,2022,9,4
STP,2022,10,2
STP,2022,11,3
STP,2022,12,4
STP,2023,1,6
STP,2023,2,2
STP,2023,3,8
STP,2023,4,4
STP,2023,5,7
STP,2023,6,7
STP,2023,7,8
STP,2023,8,5
SUR,2022,1,17
SUR,2022,2,20
SUR,2022,3,8
SUR,2022,4,6
SUR,2022,5,19
SUR,2022,6,11
SUR,2022,7,8
SUR,2022,8,17
SUR,2022,9,15
SUR,2022,10,10
SUR,2022,11,14
SUR,2022,12,5
SUR,2023,1,17
SUR,2023,2,14
SUR,2023,3,12
SUR,2023,4,13
SUR,2023,5,14
SUR,2023,6,13
SUR,2023,7,10
SUR,2023,8,15
SVK,2022,1,297
SVK,2022,2,269
SVK,2022,3,296
SVK,2022,4,272
SVK,2022,5,309
SVK,2022,6,277
SVK,2022,7,305
SVK,2022,8,306
SVK,2022,9,287
SVK,2022,10,322
SVK,2022,11,297
SVK,2022,12,269
SVK,2023,1,303
SVK,2023,2,269
SVK,2023,3,281
SVK,2023,4,335
SVK,2023,5,329
SVK,2023,6,380
SVK,2023,7,379
SVK,2023,8,270
SVN,2022,1,168
SVN,2022,2,171
SVN,2022,3,166
SVN,2022,4,160
SVN,2022,5,185
SVN,2022,6,162
SVN,2022,7,218
SVN,2022,8,266
SVN,2022,9,226
SVN,2022,10,209
SVN,2022,11,182
SVN,2022,12,162
SVN,2023,1,193
SVN,2023,2,155
SVN,2023,3,194
SVN,2023,4,194
SVN,2023,5,224
SVN,2023,6,218
SVN,2023,7,257
SVN,2023,8,191
SWE,2022,1,522
SWE,2022,2,492
SWE,2022,3,534
SWE,2022,4,538
SWE,2022,5,673
SWE,2022,6,675
SWE,2022,7,760
SWE,2022,8,852
SWE,2022,9,642
SWE,2022,10,649
SWE,2022,11,568
SWE,2022,12,508
SWE,2023,1,544
SWE,2023,2,525
SWE,2023,3,529
SWE,2023,4,574
SWE,2023,5,591
SWE,2023,6,587
SWE,2023,7,794
SWE,2023,8,618
SWZ,2022,1,18
SWZ,2022,2,11
SWZ,2022,3,8
SWZ,2022,4,7
SWZ,2022,5,66
SWZ,2022,6,17
SWZ,2022,7,17
SWZ,2022,8,28
SWZ,2022,9,12
SWZ,2022,10,12
SWZ,2022,11,15
SWZ,2022,12,13
SWZ,2023,1,12
SWZ,2023,2,5
SWZ,2023,3,6
SWZ,2023,4,7
SWZ,2023,5,16
SWZ,2023,6,22
SWZ,2023,7,21
SWZ,2023,8,9
SYC,2022,1,16
SYC,2022,2,7
SYC,2022,3,15
SYC,2022,4,7
SYC,2022,5,8
SYC,2022,6,8
SYC,2022,7,14
SYC,2022,8,8
SYC,2022,9,6
SYC,2022,10,7
SYC,2022,11,11
SYC,2022,12,14
SYC,2023,1,9
SYC,2023,2,8
SYC,2023,3,16
SYC,2023,4,6
SYC,2023,5,12
SYC,2023,6,10
SYC,2023,7,11
SYC,2023,8,3
SYR,2022,1,91
SYR,2022,2,44
SYR,2022,3,49
SYR,2022,4,43
SYR,2022,5,68
SYR,2022,6,53
SYR,2022,7,55
SYR,2022,8,59
SYR,2022,9,39
SYR,2022,10,105
SYR,2022,11,59
SYR,2022,12,79
SYR,2023,1,74
SYR,2023,2,3670
SYR,2023,3,1275
SYR,2023,4,132
SYR,2023,5,199
SYR,2023,6,157
SYR,2023,7,84
SYR,2023,8,48
TCA,2022,1,6
TCA,2022,2,11
TCA,2022,3,5
TCA,2022,4,7
TCA,2022,5,5
TCA,2022,6,2
TCA,2022,7,4
TCA,2022,8,3
TCA,2022,9,6
TCA,2022,10,1
TCA,2022,11,1
TCA,2022,12,3
TCA,2023,1,7
TCA,2023,2,3
TCA,2023,3,6
TCA,2023,4,5
TCA,2023,5,3
TCA,2023,6,7
TCA,2023,7,3
TCA,2023,8,1
TCD,2022,1,190
TCD,2022,2,268
TCD,2022,3,294
TCD,2022,4,278
TCD,2022,5,320
TCD,2022,6,402
TCD,2022,7,142
TCD,2022,8,48
TCD,2022,9,46
TCD,2022,10,93
TCD,2022,11,149
TCD,2022,12,58
TCD,2023,1,226
TCD,2023,2,55
TCD,2023,3,43
TCD,2023,4,33
TCD,2023,5,61
TCD,2023,6,130
TCD,2023,7,184
TCD,2023,8,65
TGO,2022,1,138
TGO,2022,2,82
TGO,2022,3,59
TGO,2022,4,50
TGO,2022,5,101
TGO,2022,6,58
TGO,2022,7,39
TGO,2022,8,42
TGO,2022,9,35
TGO,2022,10,48
TGO,2022,11,52
TGO,2022,12,53
TGO,2023,1,60
TGO,2023,2,51
TGO,2023,3,57
TGO,2023,4,121
TGO,2023,5,79
TGO,2023,6,77
TGO,2023,7,54
TGO,2023,8,47
THA,2022,1,376
THA,2022,2,218
THA,2022,3,280
THA,2022,4,294
THA,2022,5,208
THA,2022,6,216
THA,2022,7,197
THA,2022,8,216
THA,2022,9,198
THA,2022,10,288
THA,2022,11,288
THA,2022,12,351
THA,2023,1,377
THA,2023,2,390
THA,2023,3,390
THA,2023,4,322
THA,2023,5,248
THA,2023,6,298
THA,2023,7,292
THA,2023,8,191
TKL,2022,1,2
TKL,2022,2,2
TKL,2022,3,2
TKL,2022,4,2
TKL,2022,5,1
TKL,2022,6,2
TKL,2022,12,1
TKL,2023,2,2
TKL,2023,3,1
TKL,2023,4,1
TKL,2023,5,1
TKL,2023,6,1
TKM,2022,1,36
TKM,2022,2,34
TKM,2022,3,48
TKM,2022,4,40
TKM,2022,5,37
TKM,2022,6,29
TKM,2022,7,34
TKM,2022,8,40
TKM,2022,9,25
TKM,2022,10,34
TKM,2022,11,28
TKM,2022,12,37
TKM,2023,1,54
TKM,2023,2,49
TKM,2023,3,33
TKM,2023,4,45
TKM,2023,5,25
TKM,2023,6,47
TKM,2023,7,33
TKM,2023,8,24
TLS,2022,1,22
TLS,2022,2,13
TLS,2022,3,36
TLS,2022,4,5
TLS,2022,5,8
TLS,2022,6,17
TLS,2022,7,88
TLS,2022,8,83
TLS,2022,9,28
TLS,2022,10,135
TLS,2022,11,85
TLS,2022,12,19
TLS,2023,1,42
TLS,2023,2,61
TLS,2023,3,50
TLS,2023,4,35
TLS,2023,5,51
TLS,2023,6,102
TLS,2023,7,42
TLS,2023,8,142
TON,2022,1,27
TON,2022,2,6
TON,2022,3,6
TON,2022,4,7
TON,2022,5,7
TON,2022,6,2
TON,2022,8,5
TON,2022,9,4
TON,2022,10,2
TON,2022,11,1
TON,2022,12,1
TON,2023,1,1
TON,2023,2,3
TON,2023,3,6
TON,2023,4,4
TON,2023,5,3
TON,2023,6,3
TON,2023,7,5
TON,2023,8,3
TTO,2022,1,25
TTO,2022,2,47
TTO,2022,3,30
TTO,2022,4,20
TTO,2022,5,24
TTO,2022,6,17
TTO,2022,7,18
TTO,2022,8,14
TTO,2022,9,26
TTO,2022,10,32
TTO,2022,11,39
TTO,2022,12,22
TTO,2023,1,24
TTO,2023,2,26
TTO,2023,3,64
TTO,2023,4,115
TTO,2023,5,51
TTO,2023,6,47
TTO,2023,7,35
TTO,2023,8,49
TUN,2022,1,59
TUN,2022,2,44
TUN,2022,3,72
TUN,2022,4,44
TUN,2022,5,89
TUN,2022,6,117
TUN,2022,7,64
TUN,2022,8,56
TUN,2022,9,84
TUN,2022,10,60
TUN,2022,11,69
TUN,2022,12,84
TUN,2023,1,89
TUN,2023,2,66
TUN,2023,3,70
TUN,2023,4,90
TUN,2023,5,82
TUN,2023,6,71
TUN,2023,7,70
TUN,2023,8,55
TUR,2022,1,374
TUR,2022,2,356
TUR,2022,3,381
TUR,2022,4,378
TUR,2022,5,459
TUR,2022,6,478
TUR,2022,7,464
TUR,2022,8,494
TUR,2022,9,439
TUR,2022,10,546
TUR,2022,11,546
TUR,2022,12,460
TUR,2023,1,475
TUR,2023,2,6439
TUR,2023,3,1301
TUR,2023,4,619
TUR,2023,5,578
TUR,2023,6,493
TUR,2023,7,512
TUR,2023,8,341
TUV,2022,1,2
TUV,2022,2,2
TUV,2022,3,1
TUV,2022,5,5
TUV,2022,8,3
TUV,2022,10,1
TUV,2023,2,1
TUV,2023,3,3
TUV,2023,4,3
TUV,2023,5,2
TUV,2023,6,3
TUV,2023,7,2
TWN,2022,1,203
TWN,2022,2,184
TWN,2022,3,319
TWN,2022,4,258
TWN,2022,5,203
TWN,2022,6,196
TWN,2022,7,180
TWN,2022,8,181
TWN,2022,9,180
TWN,2022,10,417
TWN,2022,11,210
TWN,2022,12,224
TWN,2023,1,209
TWN,2023,2,192
TWN,2023,3,335
TWN,2023,4,234
TWN,2023,5,228
TWN,2023,6,176
TWN,2023,7,195
TWN,2023,8,136
TZA,2022,1,346
TZA,2022,2,374
TZA,2022,3,561
TZA,2022,4,446
TZA,2022,5,348
TZA,2022,6,427
TZA,2022,7,219
TZA,2022,8,158
TZA,2022,9,329
TZA,2022,10,274
TZA,2022,11,305
TZA,2022,12,349
TZA,2023,1,335
TZA,2023,2,331
TZA,2023,3,1069
TZA,2023,4,383
TZA,2023,5,362
TZA,2023,6,305
TZA,2023,7,189
TZA,2023,8,133
UGA,2022,1,282
UGA,2022,2,244
UGA,2022,3,291
UGA,2022,4,257
UGA,2022,5,283
UGA,2022,6,303
UGA,2022,7,267
UGA,2022,8,201
UGA,2022,9,178
UGA,2022,10,302
UGA,2022,11,581
UGA,2022,12,227
UGA,2023,1,117
UGA,2023,2,184
UGA,2023,3,192
UGA,2023,4,187
UGA,2023,5,376
UGA,2023,6,217
UGA,2023,7,112
UGA,2023,8,67
UKR,2022,1,713
UKR,2022,2,728
UKR,2022,3,545
UKR,2022,4,526
UKR,2022,5,642
UKR,2022,6,598
UKR,2022,7,630
UKR,2022,8,653
UKR,2022,9,619
UKR,2022,10,643
UKR,2022,11,562
UKR,2022,12,527
UKR,2023,1,558
UKR,2023,2,525
UKR,2023,3,626
UKR,2023,4,623
UKR,2023,5,667
UKR,2023,6,717
UKR,2023,7,742
UKR,2023,8,511
URY,2022,1,47
URY,2022,2,40
URY,2022,3,35
URY,2022,4,29
URY,2022,5,34
URY,2022,6,38
URY,2022,7,30
URY,2022,8,37
URY,2022,9,38
URY,2022,10,49
URY,2022,11,53
URY,2022,12,37
URY,2023,1,47
URY,2023,2,52
URY,2023,3,39
URY,2023,4,35
URY,2023,5,43
URY,2023,6,43
URY,2023,7,54
URY,2023,8,36
USA,2022,1,4417
USA,2022,2,4123
USA,2022,3,4576
USA,2022,4,5447
USA,2022,5,5665
USA,2022,6,5059
USA,2022,7,4957
USA,2022,8,5417
USA,2022,9,5170
USA,2022,10,5669
USA,2022,11,5141
USA,2022,12,4580
USA,2023,1,4825
USA,2023,2,4909
USA,2023,3,4935
USA,2023,4,4873
USA,2023,5,5103
USA,2023,6,5207
USA,2023,7,5445
USA,2023,8,3961
UZB,2022,1,112
UZB,2022,2,91
UZB,2022,3,152
UZB,2022,4,134
UZB,2022,5,117
UZB,2022,6,105
UZB,2022,7,116
UZB,2022,8,124
UZB,2022,9,80
UZB,2022,10,124
UZB,2022,11,147
UZB,2022,12,139
UZB,2023,1,151
UZB,2023,2,112
UZB,2023,3,135
UZB,2023,4,117
UZB,2023,5,101
UZB,2023,6,107
UZB,2023,7,112
UZB,2023,8,83
VAT,2022,1,7
VAT,2022,2,4
VAT,2022,3,5
VAT,2022,4,1
VAT,2022,5,4
VAT,2022,6,5
VAT,2022,7,2
VAT,2022,8,10
VAT,2022,9,8
VAT,2022,10,5
VAT,2022,11,5
VAT,2022,12,12
VAT,2023,1,9
VAT,2023,2,10
VAT,2023,3,12
VAT,2023,4,11
VAT,2023,5,9
VAT,2023,6,8
VAT,2023,7,18
VAT,2023,8,4
VCT,2022,1,6
VCT,2022,2,13
VCT,2022,3,8
VCT,2022,4,5
VCT,2022,5,16
VCT,2022,6,7
VCT,2022,7,5
VCT,2022,8,10
VCT,2022,9,8
VCT,2022,10,8
VCT,2022,11,9
VCT,2022,12,15
VCT,2023,1,6
VCT,2023,2,11
VCT,2023,3,14
VCT,2023,4,6
VCT,2023,5,13
VCT,2023,6,9
VCT,2023,7,7
VCT,2023,8,2
VEN,2022,1,75
VEN,2022,2,75
VEN,2022,3,75
VEN,2022,4,67
VEN,2022,5,85
VEN,2022,6,72
VEN,2022,7,60
VEN,2022,8,76
VEN,2022,9,69
VEN,2022,10,79
VEN,2022,11,79
VEN,2022,12,58
VEN,2023,1,68
VEN,2023,2,62
VEN,2023,3,78
VEN,2023,4,75
VEN,2023,5,70
VEN,2023,6,87
VEN,2023,7,91
VEN,2023,8,58
VGB,2022,1,5
VGB,2022,2,9
VGB,2022,3,5
VGB,2022,4,3
VGB,2022,5,7
VGB,2022,6,3
VGB,2022,9,2
VGB,2022,10,1
VGB,2022,11,3
VGB,2022,12,1
VGB,2023,1,1
VGB,2023,2,3
VGB,2023,3,5
VGB,2023,4,3
VGB,2023,5,2
VGB,2023,6,3
VGB,2023,7,4
VGB,2023,8,4
VNM,2022,1,203
VNM,2022,2,214
VNM,2022,3,177
VNM,2022,4,188
VNM,2022,5,159
VNM,2022,6,172
VNM,2022,7,151
VNM,2022,8,140
VNM,2022,9,171
VNM,2022,10,208
VNM,2022,11,233
VNM,2022,12,252
VNM,2023,1,240
VNM,2023,2,251
VNM,2023,3,244
VNM,2023,4,259
VNM,2023,5,240
VNM,2023,6,250
VNM,2023,7,219
VNM,2023,8,156
VUT,2022,1,5
VUT,2022,2,9
VUT,2022,3,6
VUT,2022,4,5
VUT,2022,5,8
VUT,2022,6,4
VUT,2022,7,5
VUT,2022,8,5
VUT,2022,9,4
VUT,2022,10,3
VUT,2022,11,3
VUT,2022,12,4
VUT,2023,1,7
VUT,2023,2,7
VUT,2023,3,6
VUT,2023,4,9
VUT,2023,5,13
VUT,2023,6,8
VUT,2023,7,8
VUT,2023,8,5
WSM,2022,1,9
WSM,2022,2,5
WSM,2022,3,3
WSM,2022,4,5
WSM,2022,5,2
WSM,2022,6,2
WSM,2022,7,1
WSM,2022,8,42
WSM,2022,9,15
WSM,2022,10,36
WSM,2022,11,7
WSM,2022,12,4
WSM,2023,1,4
WSM,2023,2,3
WSM,2023,3,5
WSM,2023,4,2
WSM,2023,5,2
WSM,2023,6,5
WSM,2023,7,2
WSM,2023,8,2
XKX,2022,1,74
XKX,2022,2,51
XKX,2022,3,75
XKX,2022,4,85
XKX,2022,5,53
XKX,2022,6,66
XKX,2022,7,92
XKX,2022,8,73
XKX,2022,9,66
XKX,2022,10,56
XKX,2022,11,64
XKX,2022,12,56
XKX,2023,1,53
XKX,2023,2,61
XKX,2023,3,73
XKX,2023,4,53
XKX,2023,5,78
XKX,2023,6,93
XKX,2023,7,91
XKX,2023,8,43
YEM,2022,1,50
YEM,2022,2,55
YEM,2022,3,44
YEM,2022,4,79
YEM,2022,5,89
YEM,2022,6,72
YEM,2022,7,72
YEM,2022,8,65
YEM,2022,9,39
YEM,2022,10,52
YEM,2022,11,61
YEM,2022,12,53
YEM,2023,1,63
YEM,2023,2,49
YEM,2023,3,58
YEM,2023,4,46
YEM,2023,5,104
YEM,2023,6,144
YEM,2023,7,117
YEM,2023,8,53
ZAF,2022,1,270
ZAF,2022,2,186
ZAF,2022,3,259
ZAF,2022,4,248
ZAF,2022,5,259
ZAF,2022,6,339
ZAF,2022,7,286
ZAF,2022,8,376
ZAF,2022,9,544
ZAF,2022,10,1146
ZAF,2022,11,1267
ZAF,2022,12,518
ZAF,2023,1,470
ZAF,2023,2,401
ZAF,2023,3,332
ZAF,2023,4,279
ZAF,2023,5,243
ZAF,2023,6,212
ZAF,2023,7,237
ZAF,2023,8,138
ZMB,2022,1,95
ZMB,2022,2,94
ZMB,2022,3,87
ZMB,2022,4,97
ZMB,2022,5,125
ZMB,2022,6,129
ZMB,2022,7,117
ZMB,2022,8,754
ZMB,2022,9,1330
ZMB,2022,10,928
ZMB,2022,11,374
ZMB,2022,12,298
ZMB,2023,1,222
ZMB,2023,2,181
ZMB,2023,3,433
ZMB,2023,4,224
ZMB,2023,5,127
ZMB,2023,6,135
ZMB,2023,7,77
ZMB,2023,8,38
ZWE,2022,1,35
ZWE,2022,2,150
ZWE,2022,3,76
ZWE,2022,4,47
ZWE,2022,5,55
ZWE,2022,6,54
ZWE,2022,7,48
ZWE,2022,8,39
ZWE,2022,9,35
ZWE,2022,10,56
ZWE,2022,11,127
ZWE,2022,12,139
ZWE,2023,1,106
ZWE,2023,2,61
ZWE,2023,3,122
ZWE,2023,4,95
ZWE,2023,5,77
ZWE,2023,6,50
ZWE,2023,7,46
ZWE,2023,8,34
